{"stats":{"minecraft:killed":{"minecraft:sheep":2,"minecraft:chicken":3},"minecraft:used":{"minecraft:calcite":24,"minecraft:wooden_axe":8,"minecraft:birch_planks":8,"minecraft:chicken":3,"minecraft:grass_block":151,"minecraft:wooden_pickaxe":14,"minecraft:wooden_sword":29,"minecraft:mutton":1,"minecraft:crafting_table":1,"minecraft:trapped_chest":2},"minecraft:picked_up":{"minecraft:birch_log":3,"minecraft:feather":4,"minecraft:crafting_table":1,"minecraft:azure_bluet":1,"minecraft:lilac":1,"minecraft:chicken":3,"minecraft:dandelion":1,"minecraft:oak_log":10,"minecraft:wheat_seeds":5,"minecraft:rose_bush":1,"minecraft:poppy":2,"minecraft:light_gray_wool":1,"minecraft:black_wool":1,"minecraft:mutton":2,"minecraft:cobblestone":13,"minecraft:egg":2},"minecraft:crafted":{"minecraft:wooden_sword":1,"minecraft:oak_planks":20,"minecraft:crafting_table":1,"minecraft:stick":8,"minecraft:wooden_pickaxe":1,"minecraft:wooden_axe":1,"minecraft:birch_planks":12},"minecraft:mined":{"minecraft:birch_log":3,"minecraft:lilac":1,"minecraft:birch_leaves":4,"minecraft:dandelion":1,"minecraft:crafting_table":1,"minecraft:grass":9,"minecraft:oak_log":11,"minecraft:rose_bush":2,"minecraft:sunflower":1,"minecraft:tall_grass":2,"minecraft:stone":14,"minecraft:oak_leaves":4},"minecraft:killed_by":{"minecraft:player":1},"minecraft:custom":{"minecraft:time_since_rest":6467,"minecraft:sprint_one_cm":23767,"minecraft:damage_taken":381,"minecraft:walk_one_cm":63695,"minecraft:trigger_trapped_chest":5,"minecraft:mob_kills":5,"minecraft:drop":2,"minecraft:damage_dealt":395,"minecraft:interact_with_crafting_table":1,"minecraft:fly_one_cm":134410,"minecraft:crouch_one_cm":1051,"minecraft:play_time":38463,"minecraft:deaths":2,"minecraft:sneak_time":1126,"minecraft:jump":282,"minecraft:leave_game":5,"minecraft:time_since_death":6441,"minecraft:total_world_time":38463,"minecraft:fall_one_cm":9070},"minecraft:dropped":{"minecraft:poppy":1,"minecraft:oak_log":1}},"DataVersion":3120}