{"stats":{"minecraft:killed":{"minecraft:sheep":2,"minecraft:chicken":4},"minecraft:used":{"minecraft:calcite":24,"minecraft:wooden_axe":8,"minecraft:stone_sword":19,"minecraft:birch_planks":8,"minecraft:chicken":3,"minecraft:grass_block":151,"minecraft:wooden_pickaxe":14,"minecraft:wooden_sword":30,"minecraft:mutton":2,"minecraft:crafting_table":4,"minecraft:trapped_chest":2,"minecraft:egg":1},"minecraft:picked_up":{"minecraft:birch_log":3,"minecraft:feather":8,"minecraft:crafting_table":3,"minecraft:azure_bluet":1,"minecraft:lilac":1,"minecraft:chicken":3,"minecraft:dandelion":1,"minecraft:oak_log":23,"minecraft:stone_sword":1,"minecraft:wheat_seeds":6,"minecraft:rose_bush":1,"minecraft:poppy":3,"minecraft:light_gray_wool":1,"minecraft:black_wool":1,"minecraft:mutton":2,"minecraft:wooden_axe":1,"minecraft:sunflower":4,"minecraft:white_wool":35,"minecraft:cobblestone":26,"minecraft:egg":3},"minecraft:crafted":{"minecraft:wooden_sword":2,"minecraft:oak_planks":64,"minecraft:crafting_table":3,"minecraft:stick":24,"minecraft:wooden_pickaxe":1,"minecraft:stone_pickaxe":1,"minecraft:wooden_axe":2,"minecraft:stone_sword":2,"minecraft:white_bed":1,"minecraft:birch_planks":12},"minecraft:mined":{"minecraft:birch_log":3,"minecraft:lilac":1,"minecraft:birch_leaves":4,"minecraft:dandelion":1,"minecraft:crafting_table":2,"minecraft:grass":15,"minecraft:poppy":1,"minecraft:oak_log":22,"minecraft:rose_bush":2,"minecraft:sunflower":1,"minecraft:tall_grass":2,"minecraft:stone":14,"minecraft:white_wool":9,"minecraft:oak_leaves":4},"minecraft:killed_by":{"minecraft:player":2,"minecraft:drowned":1},"minecraft:custom":{"minecraft:time_since_rest":4277,"minecraft:sprint_one_cm":52561,"minecraft:damage_taken":1042,"minecraft:walk_one_cm":97053,"minecraft:trigger_trapped_chest":5,"minecraft:mob_kills":6,"minecraft:drop":10,"minecraft:damage_dealt":555,"minecraft:swim_one_cm":5561,"minecraft:interact_with_crafting_table":6,"minecraft:fly_one_cm":163365,"minecraft:player_kills":2,"minecraft:crouch_one_cm":1580,"minecraft:play_time":50463,"minecraft:deaths":5,"minecraft:sneak_time":1410,"minecraft:walk_under_water_one_cm":1514,"minecraft:jump":453,"minecraft:leave_game":5,"minecraft:walk_on_water_one_cm":2159,"minecraft:time_since_death":4252,"minecraft:climb_one_cm":203,"minecraft:total_world_time":50463,"minecraft:fall_one_cm":18933},"minecraft:dropped":{"minecraft:poppy":1,"minecraft:oak_log":1,"minecraft:stone_sword":2,"minecraft:wooden_axe":2,"minecraft:sunflower":4}},"DataVersion":3120}