{"stats":{"minecraft:killed":{"minecraft:spider":4,"minecraft:skeleton":7,"minecraft:chicken":6,"minecraft:iron_golem":1,"minecraft:sheep":7,"minecraft:zombie":12,"minecraft:villager":1},"minecraft:used":{"minecraft:netherite_sword":269,"minecraft:stone_sword":19,"minecraft:chest":2,"minecraft:shield":9,"minecraft:grass":2,"minecraft:cooked_chicken":2,"minecraft:torch":40,"minecraft:dirt":8,"minecraft:mutton":2,"minecraft:wooden_axe":8,"minecraft:grass_block":151,"minecraft:furnace":8,"minecraft:trapped_chest":2,"minecraft:egg":2,"minecraft:cooked_beef":3,"minecraft:calcite":24,"minecraft:cooked_mutton":5,"minecraft:birch_planks":8,"minecraft:stone_pickaxe":33,"minecraft:oak_planks":3,"minecraft:wooden_pickaxe":18,"minecraft:crafting_table":12,"minecraft:white_bed":5,"minecraft:shears":1,"minecraft:cornflower":1,"minecraft:apple":4,"minecraft:bread":18,"minecraft:chicken":3,"minecraft:iron_pickaxe":70,"minecraft:wooden_sword":60,"minecraft:cobblestone":3,"minecraft:cooked_porkchop":4,"minecraft:yellow_bed":1},"minecraft:picked_up":{"minecraft:wooden_axe":2,"minecraft:iron_chestplate":1,"minecraft:crafting_table":7,"minecraft:azure_bluet":1,"minecraft:chicken":5,"minecraft:diamond_sword":1,"minecraft:cornflower":1,"minecraft:string":4,"minecraft:wooden_sword":2,"minecraft:beetroot":1,"minecraft:smooth_stone":2,"minecraft:netherite_sword":2,"minecraft:beef":7,"minecraft:rose_bush":1,"minecraft:poppy":3,"minecraft:iron_pickaxe":2,"minecraft:light_gray_wool":2,"minecraft:iron_boots":2,"minecraft:egg":4,"minecraft:furnace":6,"minecraft:stick":21,"minecraft:raw_iron":55,"minecraft:stone":2,"minecraft:torch":37,"minecraft:porkchop":1,"minecraft:pointed_dripstone":1,"minecraft:carrot":10,"minecraft:stone_sword":3,"minecraft:arrow":9,"minecraft:rotten_flesh":20,"minecraft:hay_block":3,"minecraft:carved_pumpkin":1,"minecraft:mutton":12,"minecraft:white_wool":70,"minecraft:cobblestone":235,"minecraft:birch_log":3,"minecraft:lilac":1,"minecraft:feather":10,"minecraft:cooked_beef":9,"minecraft:leather":18,"minecraft:birch_planks":14,"minecraft:oak_log":40,"minecraft:yellow_bed":1,"minecraft:cobblestone_stairs":2,"minecraft:dirt":17,"minecraft:cooked_mutton":6,"minecraft:bone":5,"minecraft:apple":4,"minecraft:bow":1,"minecraft:wheat_seeds":11,"minecraft:iron_ingot":33,"minecraft:stone_pickaxe":3,"minecraft:iron_sword":1,"minecraft:oak_planks":49,"minecraft:oak_slab":6,"minecraft:pumpkin":1,"minecraft:cooked_porkchop":10,"minecraft:dandelion":2,"minecraft:white_bed":3,"minecraft:spider_eye":1,"minecraft:mossy_cobblestone":6,"minecraft:pumpkin_seeds":4,"minecraft:diamond":1,"minecraft:soul_lantern":3,"minecraft:iron_helmet":1,"minecraft:diamond_axe":1,"minecraft:grass":2,"minecraft:bread":37,"minecraft:emerald":4,"minecraft:oak_sapling":1,"minecraft:black_wool":1,"minecraft:coal":124,"minecraft:sunflower":10},"minecraft:crafted":{"minecraft:wooden_sword":2,"minecraft:oak_planks":140,"minecraft:cooked_chicken":2,"minecraft:furnace":3,"minecraft:cooked_mutton":13,"minecraft:iron_boots":2,"minecraft:stone_pickaxe":4,"minecraft:chest":2,"minecraft:wheat":27,"minecraft:cooked_beef":2,"minecraft:crafting_table":7,"minecraft:wooden_pickaxe":2,"minecraft:iron_helmet":2,"minecraft:birch_planks":12,"minecraft:pumpkin_seeds":4,"minecraft:stone_axe":3,"minecraft:bread":9,"minecraft:iron_chestplate":1,"minecraft:shield":3,"minecraft:stick":68,"minecraft:iron_ingot":66,"minecraft:iron_pickaxe":6,"minecraft:wooden_axe":2,"minecraft:stone_sword":5,"minecraft:iron_leggings":2,"minecraft:white_bed":4,"minecraft:torch":112,"minecraft:shears":1},"minecraft:mined":{"minecraft:white_bed":3,"minecraft:cobblestone_stairs":2,"minecraft:carved_pumpkin":1,"minecraft:grass_block":8,"minecraft:hay_block":3,"minecraft:furnace":3,"minecraft:fire":9,"minecraft:iron_ore":26,"minecraft:pumpkin":1,"minecraft:dirt_path":6,"minecraft:stone":40,"minecraft:white_wool":9,"minecraft:dandelion":1,"minecraft:crafting_table":4,"minecraft:emerald_ore":2,"minecraft:poppy":1,"minecraft:rose_bush":2,"minecraft:tall_grass":5,"minecraft:cobblestone":1,"minecraft:wall_torch":3,"minecraft:birch_log":3,"minecraft:lilac":1,"minecraft:birch_leaves":4,"minecraft:grass":33,"minecraft:oak_log":31,"minecraft:coal_ore":39,"minecraft:sunflower":2,"minecraft:dirt":2,"minecraft:oak_leaves":4},"minecraft:killed_by":{"minecraft:player":2,"minecraft:drowned":1,"minecraft:skeleton":1},"minecraft:custom":{"minecraft:mob_kills":38,"minecraft:interact_with_crafting_table":66,"minecraft:leave_game":7,"minecraft:time_since_death":65297,"minecraft:climb_one_cm":6681,"minecraft:sprint_one_cm":254422,"minecraft:walk_one_cm":383131,"minecraft:damage_blocked_by_shield":450,"minecraft:drop":143,"minecraft:talked_to_villager":1,"minecraft:play_time":144523,"minecraft:deaths":6,"minecraft:sneak_time":1499,"minecraft:walk_under_water_one_cm":1514,"minecraft:jump":2192,"minecraft:walk_on_water_one_cm":2245,"minecraft:total_world_time":144523,"minecraft:interact_with_furnace":55,"minecraft:sleep_in_bed":1,"minecraft:time_since_rest":65325,"minecraft:damage_taken":3085,"minecraft:trigger_trapped_chest":5,"minecraft:damage_dealt":6262,"minecraft:player_kills":3,"minecraft:swim_one_cm":5561,"minecraft:fly_one_cm":315283,"minecraft:open_chest":27,"minecraft:crouch_one_cm":1938,"minecraft:fall_one_cm":57260},"minecraft:dropped":{"minecraft:iron_ingot":1,"minecraft:bread":2,"minecraft:wheat_seeds":3,"minecraft:cooked_beef":6,"minecraft:oak_log":1,"minecraft:mossy_cobblestone":3,"minecraft:feather":2,"minecraft:iron_helmet":1,"minecraft:coal":27,"minecraft:torch":59,"minecraft:wooden_axe":3,"minecraft:wooden_sword":3,"minecraft:sunflower":7,"minecraft:iron_pickaxe":3,"minecraft:string":1,"minecraft:stone_axe":3,"minecraft:stone_sword":7,"minecraft:iron_boots":2,"minecraft:cooked_mutton":5,"minecraft:diamond_sword":1,"minecraft:poppy":1,"minecraft:shield":2,"minecraft:iron_chestplate":1,"minecraft:wooden_pickaxe":1,"minecraft:stone_pickaxe":5}},"DataVersion":3120}