{"stats":{"minecraft:used":{"minecraft:calcite":24,"minecraft:birch_planks":8,"minecraft:grass_block":151,"minecraft:trapped_chest":2},"minecraft:picked_up":{"minecraft:birch_log":3,"minecraft:azure_bluet":1,"minecraft:wheat_seeds":4,"minecraft:poppy":2,"minecraft:egg":1},"minecraft:crafted":{"minecraft:birch_planks":12},"minecraft:mined":{"minecraft:birch_log":3,"minecraft:birch_leaves":4,"minecraft:oak_leaves":3},"minecraft:custom":{"minecraft:time_since_rest":620,"minecraft:crouch_one_cm":393,"minecraft:deaths":1,"minecraft:sprint_one_cm":3974,"minecraft:play_time":30898,"minecraft:damage_taken":70,"minecraft:walk_one_cm":42741,"minecraft:sneak_time":843,"minecraft:trigger_trapped_chest":5,"minecraft:drop":1,"minecraft:jump":108,"minecraft:damage_dealt":11,"minecraft:leave_game":5,"minecraft:time_since_death":574,"minecraft:total_world_time":30898,"minecraft:fall_one_cm":2065,"minecraft:fly_one_cm":114237},"minecraft:dropped":{"minecraft:poppy":1}},"DataVersion":3120}