{"stats":{"minecraft:killed":{"minecraft:spider":4,"minecraft:skeleton":7,"minecraft:chicken":6,"minecraft:iron_golem":1,"minecraft:sheep":7,"minecraft:zombie":17,"minecraft:villager":1},"minecraft:broken":{"minecraft:iron_pickaxe":3},"minecraft:used":{"minecraft:netherite_sword":301,"minecraft:stone_sword":19,"minecraft:ladder":2,"minecraft:chest":10,"minecraft:shield":9,"minecraft:grass":2,"minecraft:cooked_chicken":2,"minecraft:torch":101,"minecraft:dirt":9,"minecraft:mutton":2,"minecraft:carrot":3,"minecraft:granite":5,"minecraft:wooden_axe":8,"minecraft:grass_block":151,"minecraft:bow":2,"minecraft:furnace":8,"minecraft:trapped_chest":2,"minecraft:egg":2,"minecraft:cooked_beef":3,"minecraft:cobbled_deepslate":31,"minecraft:calcite":24,"minecraft:cooked_mutton":11,"minecraft:water_bucket":9,"minecraft:diorite":1,"minecraft:birch_planks":8,"minecraft:stone_pickaxe":33,"minecraft:oak_planks":3,"minecraft:wooden_pickaxe":18,"minecraft:diamond_axe":56,"minecraft:crafting_table":15,"minecraft:white_bed":6,"minecraft:shears":1,"minecraft:cornflower":1,"minecraft:apple":4,"minecraft:bread":26,"minecraft:chicken":3,"minecraft:oak_button":1,"minecraft:iron_pickaxe":794,"minecraft:wooden_sword":60,"minecraft:cobblestone":93,"minecraft:cooked_porkchop":5,"minecraft:bucket":8,"minecraft:yellow_bed":1},"minecraft:picked_up":{"minecraft:wooden_axe":2,"minecraft:iron_chestplate":1,"minecraft:crafting_table":8,"minecraft:azure_bluet":1,"minecraft:chicken":5,"minecraft:diamond_sword":1,"minecraft:cornflower":1,"minecraft:string":4,"minecraft:raw_copper":30,"minecraft:wooden_sword":2,"minecraft:beetroot":1,"minecraft:cobbled_deepslate":174,"minecraft:smooth_stone":2,"minecraft:netherite_sword":2,"minecraft:beef":10,"minecraft:rose_bush":1,"minecraft:poppy":3,"minecraft:iron_pickaxe":2,"minecraft:light_gray_wool":2,"minecraft:iron_boots":2,"minecraft:egg":4,"minecraft:furnace":6,"minecraft:stick":23,"minecraft:raw_iron":56,"minecraft:stone":2,"minecraft:torch":48,"minecraft:porkchop":13,"minecraft:diorite":20,"minecraft:pointed_dripstone":35,"minecraft:carrot":10,"minecraft:stone_sword":3,"minecraft:arrow":15,"minecraft:rotten_flesh":25,"minecraft:hay_block":3,"minecraft:carved_pumpkin":1,"minecraft:mutton":27,"minecraft:white_wool":70,"minecraft:cobblestone":710,"minecraft:birch_log":3,"minecraft:lilac":1,"minecraft:feather":10,"minecraft:cooked_beef":9,"minecraft:water_bucket":1,"minecraft:andesite":23,"minecraft:leather":18,"minecraft:birch_planks":14,"minecraft:tuff":2,"minecraft:oak_log":91,"minecraft:yellow_bed":1,"minecraft:cobblestone_stairs":2,"minecraft:dirt":21,"minecraft:cooked_mutton":9,"minecraft:bone":5,"minecraft:apple":4,"minecraft:bow":1,"minecraft:wheat_seeds":11,"minecraft:iron_ingot":33,"minecraft:stone_pickaxe":3,"minecraft:iron_sword":1,"minecraft:oak_planks":49,"minecraft:oak_slab":6,"minecraft:pumpkin":1,"minecraft:cooked_porkchop":10,"minecraft:dripstone_block":5,"minecraft:dandelion":2,"minecraft:gravel":3,"minecraft:white_bed":3,"minecraft:spider_eye":1,"minecraft:mossy_cobblestone":6,"minecraft:pumpkin_seeds":4,"minecraft:diamond":1,"minecraft:soul_lantern":3,"minecraft:iron_helmet":1,"minecraft:granite":48,"minecraft:diamond_axe":1,"minecraft:grass":2,"minecraft:bread":37,"minecraft:emerald":4,"minecraft:oak_button":1,"minecraft:oak_sapling":2,"minecraft:black_wool":1,"minecraft:coal":124,"minecraft:sunflower":11},"minecraft:crafted":{"minecraft:wooden_sword":2,"minecraft:oak_planks":344,"minecraft:cooked_chicken":2,"minecraft:furnace":3,"minecraft:cooked_mutton":28,"minecraft:iron_boots":2,"minecraft:ladder":3,"minecraft:stone_pickaxe":4,"minecraft:chest":10,"minecraft:oak_button":1,"minecraft:wheat":27,"minecraft:cooked_beef":5,"minecraft:cooked_porkchop":12,"minecraft:crafting_table":9,"minecraft:wooden_pickaxe":2,"minecraft:iron_helmet":2,"minecraft:bucket":2,"minecraft:birch_planks":12,"minecraft:pumpkin_seeds":4,"minecraft:stone_axe":3,"minecraft:bread":9,"minecraft:iron_chestplate":1,"minecraft:shield":3,"minecraft:stick":116,"minecraft:iron_ingot":71,"minecraft:iron_pickaxe":9,"minecraft:wooden_axe":2,"minecraft:stone_sword":5,"minecraft:iron_leggings":2,"minecraft:white_bed":4,"minecraft:torch":192,"minecraft:shears":1},"minecraft:mined":{"minecraft:white_bed":3,"minecraft:cobblestone_stairs":2,"minecraft:carved_pumpkin":1,"minecraft:granite":39,"minecraft:grass_block":9,"minecraft:hay_block":3,"minecraft:furnace":3,"minecraft:cobbled_deepslate":11,"minecraft:fire":9,"minecraft:iron_ore":29,"minecraft:andesite":30,"minecraft:pumpkin":1,"minecraft:pointed_dripstone":27,"minecraft:deepslate_iron_ore":5,"minecraft:dirt_path":6,"minecraft:stone":410,"minecraft:white_wool":9,"minecraft:dandelion":1,"minecraft:crafting_table":4,"minecraft:torch":1,"minecraft:emerald_ore":2,"minecraft:poppy":1,"minecraft:rose_bush":2,"minecraft:sculk_sensor":1,"minecraft:copper_ore":9,"minecraft:tall_grass":11,"minecraft:cobblestone":11,"minecraft:diorite":23,"minecraft:wall_torch":8,"minecraft:birch_log":3,"minecraft:lilac":1,"minecraft:birch_leaves":4,"minecraft:grass":33,"minecraft:oak_log":83,"minecraft:coal_ore":41,"minecraft:dripstone_block":6,"minecraft:gravel":3,"minecraft:sunflower":2,"minecraft:dirt":5,"minecraft:oak_leaves":8,"minecraft:deepslate":180},"minecraft:killed_by":{"minecraft:player":2,"minecraft:drowned":1,"minecraft:skeleton":1},"minecraft:custom":{"minecraft:mob_kills":42,"minecraft:interact_with_crafting_table":75,"minecraft:leave_game":7,"minecraft:time_since_death":149297,"minecraft:climb_one_cm":10505,"minecraft:sprint_one_cm":419968,"minecraft:walk_one_cm":601362,"minecraft:damage_blocked_by_shield":450,"minecraft:drop":221,"minecraft:talked_to_villager":1,"minecraft:play_time":228523,"minecraft:deaths":6,"minecraft:sneak_time":7226,"minecraft:walk_under_water_one_cm":23593,"minecraft:jump":3125,"minecraft:walk_on_water_one_cm":19194,"minecraft:total_world_time":228523,"minecraft:interact_with_furnace":76,"minecraft:sleep_in_bed":1,"minecraft:time_since_rest":149325,"minecraft:damage_taken":3834,"minecraft:trigger_trapped_chest":5,"minecraft:damage_dealt":7097,"minecraft:player_kills":3,"minecraft:swim_one_cm":127704,"minecraft:fly_one_cm":380300,"minecraft:open_chest":48,"minecraft:crouch_one_cm":22031,"minecraft:fall_one_cm":79308},"minecraft:dropped":{"minecraft:iron_ingot":10,"minecraft:bread":13,"minecraft:wheat_seeds":3,"minecraft:cooked_beef":6,"minecraft:oak_log":1,"minecraft:mossy_cobblestone":3,"minecraft:cooked_porkchop":5,"minecraft:feather":2,"minecraft:iron_helmet":1,"minecraft:coal":27,"minecraft:diorite":19,"minecraft:torch":93,"minecraft:wooden_axe":3,"minecraft:wooden_sword":3,"minecraft:sunflower":7,"minecraft:iron_pickaxe":3,"minecraft:string":1,"minecraft:bucket":1,"minecraft:stone_axe":3,"minecraft:stone_sword":7,"minecraft:iron_boots":2,"minecraft:cooked_mutton":18,"minecraft:carrot":3,"minecraft:diamond_sword":1,"minecraft:poppy":1,"minecraft:shield":2,"minecraft:oak_button":1,"minecraft:iron_chestplate":1,"minecraft:wooden_pickaxe":1,"minecraft:stone_pickaxe":5}},"DataVersion":3120}