{"stats":{"minecraft:killed":{"minecraft:sheep":2,"minecraft:zombie":1,"minecraft:chicken":6},"minecraft:used":{"minecraft:calcite":24,"minecraft:stone_sword":19,"minecraft:birch_planks":8,"minecraft:wooden_pickaxe":14,"minecraft:mutton":2,"minecraft:crafting_table":6,"minecraft:white_bed":3,"minecraft:wooden_axe":8,"minecraft:apple":3,"minecraft:chicken":3,"minecraft:grass_block":151,"minecraft:bread":2,"minecraft:wooden_sword":56,"minecraft:trapped_chest":2,"minecraft:egg":1},"minecraft:picked_up":{"minecraft:wooden_axe":1,"minecraft:birch_log":3,"minecraft:crafting_table":3,"minecraft:feather":10,"minecraft:azure_bluet":1,"minecraft:lilac":1,"minecraft:chicken":5,"minecraft:oak_log":23,"minecraft:apple":4,"minecraft:wheat_seeds":7,"minecraft:rose_bush":1,"minecraft:poppy":3,"minecraft:light_gray_wool":1,"minecraft:oak_planks":16,"minecraft:egg":4,"minecraft:dandelion":1,"minecraft:white_bed":2,"minecraft:stone_sword":1,"minecraft:hay_block":2,"minecraft:black_wool":1,"minecraft:mutton":2,"minecraft:cobblestone":26,"minecraft:white_wool":35,"minecraft:sunflower":4},"minecraft:crafted":{"minecraft:wooden_sword":2,"minecraft:oak_planks":72,"minecraft:crafting_table":4,"minecraft:wooden_pickaxe":2,"minecraft:birch_planks":12,"minecraft:bread":6,"minecraft:stick":24,"minecraft:stone_pickaxe":1,"minecraft:wooden_axe":2,"minecraft:stone_sword":2,"minecraft:white_bed":4,"minecraft:wheat":18},"minecraft:mined":{"minecraft:white_bed":3,"minecraft:dandelion":1,"minecraft:crafting_table":2,"minecraft:poppy":1,"minecraft:rose_bush":2,"minecraft:tall_grass":2,"minecraft:hay_block":2,"minecraft:birch_log":3,"minecraft:lilac":1,"minecraft:birch_leaves":4,"minecraft:grass":19,"minecraft:oak_log":22,"minecraft:sunflower":2,"minecraft:stone":14,"minecraft:white_wool":9,"minecraft:oak_leaves":4},"minecraft:killed_by":{"minecraft:player":2,"minecraft:drowned":1},"minecraft:custom":{"minecraft:mob_kills":9,"minecraft:interact_with_crafting_table":13,"minecraft:leave_game":7,"minecraft:time_since_death":11809,"minecraft:climb_one_cm":203,"minecraft:time_since_rest":11834,"minecraft:sprint_one_cm":66509,"minecraft:damage_taken":1302,"minecraft:walk_one_cm":122225,"minecraft:trigger_trapped_chest":5,"minecraft:drop":10,"minecraft:damage_dealt":712,"minecraft:swim_one_cm":5561,"minecraft:fly_one_cm":180100,"minecraft:player_kills":2,"minecraft:open_chest":1,"minecraft:crouch_one_cm":1760,"minecraft:play_time":58020,"minecraft:deaths":5,"minecraft:sneak_time":1459,"minecraft:walk_under_water_one_cm":1514,"minecraft:jump":613,"minecraft:walk_on_water_one_cm":2245,"minecraft:total_world_time":58020,"minecraft:fall_one_cm":21959},"minecraft:dropped":{"minecraft:oak_log":1,"minecraft:stone_sword":2,"minecraft:poppy":1,"minecraft:wooden_axe":2,"minecraft:sunflower":4}},"DataVersion":3120}