{"stats":{"minecraft:killed":{"minecraft:spider":1,"minecraft:iron_golem":1,"minecraft:sheep":7,"minecraft:skeleton":5,"minecraft:zombie":7,"minecraft:chicken":6,"minecraft:villager":1},"minecraft:used":{"minecraft:calcite":24,"minecraft:cooked_mutton":3,"minecraft:netherite_sword":188,"minecraft:stone_sword":19,"minecraft:birch_planks":8,"minecraft:stone_pickaxe":33,"minecraft:oak_planks":3,"minecraft:shield":2,"minecraft:chest":1,"minecraft:wooden_pickaxe":18,"minecraft:cooked_chicken":2,"minecraft:torch":20,"minecraft:dirt":8,"minecraft:mutton":2,"minecraft:crafting_table":9,"minecraft:white_bed":5,"minecraft:wooden_axe":8,"minecraft:cornflower":1,"minecraft:apple":4,"minecraft:chicken":3,"minecraft:grass_block":151,"minecraft:bread":9,"minecraft:iron_pickaxe":21,"minecraft:wooden_sword":60,"minecraft:cobblestone":1,"minecraft:furnace":3,"minecraft:yellow_bed":1,"minecraft:trapped_chest":2,"minecraft:egg":2,"minecraft:cooked_beef":2},"minecraft:picked_up":{"minecraft:wooden_axe":2,"minecraft:birch_log":3,"minecraft:cooked_beef":2,"minecraft:crafting_table":5,"minecraft:feather":10,"minecraft:azure_bluet":1,"minecraft:lilac":1,"minecraft:chicken":5,"minecraft:leather":8,"minecraft:birch_planks":1,"minecraft:oak_log":36,"minecraft:yellow_bed":1,"minecraft:cobblestone_stairs":2,"minecraft:cornflower":1,"minecraft:dirt":15,"minecraft:wooden_sword":2,"minecraft:cooked_mutton":4,"minecraft:bone":3,"minecraft:apple":4,"minecraft:wheat_seeds":11,"minecraft:netherite_sword":2,"minecraft:iron_ingot":10,"minecraft:stone_pickaxe":3,"minecraft:beef":2,"minecraft:rose_bush":1,"minecraft:poppy":3,"minecraft:light_gray_wool":2,"minecraft:oak_planks":34,"minecraft:furnace":1,"minecraft:egg":4,"minecraft:oak_slab":6,"minecraft:raw_iron":10,"minecraft:stick":21,"minecraft:torch":11,"minecraft:dandelion":1,"minecraft:porkchop":1,"minecraft:white_bed":2,"minecraft:mossy_cobblestone":6,"minecraft:arrow":4,"minecraft:rotten_flesh":14,"minecraft:stone_sword":3,"minecraft:hay_block":3,"minecraft:bread":5,"minecraft:black_wool":1,"minecraft:mutton":12,"minecraft:coal":35,"minecraft:white_wool":70,"minecraft:cobblestone":201,"minecraft:sunflower":7},"minecraft:crafted":{"minecraft:wooden_sword":2,"minecraft:oak_planks":124,"minecraft:crafting_table":6,"minecraft:iron_helmet":1,"minecraft:wooden_pickaxe":2,"minecraft:cooked_chicken":2,"minecraft:furnace":2,"minecraft:birch_planks":12,"minecraft:stone_axe":2,"minecraft:cooked_mutton":4,"minecraft:bread":9,"minecraft:shield":1,"minecraft:stick":52,"minecraft:iron_ingot":4,"minecraft:iron_pickaxe":1,"minecraft:stone_pickaxe":4,"minecraft:wooden_axe":2,"minecraft:stone_sword":5,"minecraft:chest":1,"minecraft:white_bed":4,"minecraft:torch":24,"minecraft:cooked_beef":2,"minecraft:wheat":27},"minecraft:mined":{"minecraft:white_bed":3,"minecraft:cobblestone_stairs":2,"minecraft:dandelion":1,"minecraft:crafting_table":2,"minecraft:grass_block":8,"minecraft:poppy":1,"minecraft:rose_bush":2,"minecraft:cobblestone":1,"minecraft:tall_grass":4,"minecraft:hay_block":3,"minecraft:furnace":1,"minecraft:birch_log":3,"minecraft:iron_ore":9,"minecraft:lilac":1,"minecraft:birch_leaves":4,"minecraft:grass":31,"minecraft:dirt_path":6,"minecraft:coal_ore":26,"minecraft:oak_log":27,"minecraft:sunflower":2,"minecraft:dirt":2,"minecraft:stone":25,"minecraft:white_wool":9,"minecraft:oak_leaves":4},"minecraft:killed_by":{"minecraft:player":2,"minecraft:skeleton":1,"minecraft:drowned":1},"minecraft:custom":{"minecraft:interact_with_furnace":19,"minecraft:mob_kills":29,"minecraft:interact_with_crafting_table":37,"minecraft:leave_game":7,"minecraft:time_since_death":11297,"minecraft:sleep_in_bed":1,"minecraft:climb_one_cm":301,"minecraft:time_since_rest":11325,"minecraft:sprint_one_cm":124773,"minecraft:damage_taken":2349,"minecraft:walk_one_cm":247606,"minecraft:damage_blocked_by_shield":80,"minecraft:trigger_trapped_chest":5,"minecraft:drop":32,"minecraft:damage_dealt":4399,"minecraft:swim_one_cm":5561,"minecraft:talked_to_villager":1,"minecraft:fly_one_cm":226998,"minecraft:player_kills":2,"minecraft:open_chest":7,"minecraft:crouch_one_cm":1938,"minecraft:play_time":90523,"minecraft:deaths":6,"minecraft:sneak_time":1499,"minecraft:walk_under_water_one_cm":1514,"minecraft:jump":1228,"minecraft:walk_on_water_one_cm":2245,"minecraft:total_world_time":90523,"minecraft:fall_one_cm":37962},"minecraft:dropped":{"minecraft:stone_axe":2,"minecraft:bread":2,"minecraft:wheat_seeds":3,"minecraft:oak_log":1,"minecraft:stone_sword":7,"minecraft:mossy_cobblestone":3,"minecraft:feather":2,"minecraft:poppy":1,"minecraft:wooden_axe":3,"minecraft:wooden_sword":3,"minecraft:sunflower":7,"minecraft:stone_pickaxe":4,"minecraft:wooden_pickaxe":1}},"DataVersion":3120}