{"stats":{"minecraft:killed":{"minecraft:spider":3,"minecraft:skeleton":5,"minecraft:chicken":6,"minecraft:iron_golem":1,"minecraft:sheep":7,"minecraft:zombie":8,"minecraft:villager":1},"minecraft:used":{"minecraft:netherite_sword":212,"minecraft:stone_sword":19,"minecraft:chest":1,"minecraft:shield":2,"minecraft:cooked_chicken":2,"minecraft:torch":39,"minecraft:dirt":8,"minecraft:mutton":2,"minecraft:wooden_axe":8,"minecraft:grass_block":151,"minecraft:furnace":3,"minecraft:trapped_chest":2,"minecraft:egg":2,"minecraft:cooked_beef":2,"minecraft:calcite":24,"minecraft:cooked_mutton":5,"minecraft:birch_planks":8,"minecraft:stone_pickaxe":33,"minecraft:oak_planks":3,"minecraft:wooden_pickaxe":18,"minecraft:crafting_table":9,"minecraft:white_bed":5,"minecraft:shears":1,"minecraft:cornflower":1,"minecraft:apple":4,"minecraft:bread":10,"minecraft:chicken":3,"minecraft:iron_pickaxe":68,"minecraft:wooden_sword":60,"minecraft:cobblestone":1,"minecraft:cooked_porkchop":2,"minecraft:yellow_bed":1},"minecraft:picked_up":{"minecraft:wooden_axe":2,"minecraft:crafting_table":5,"minecraft:azure_bluet":1,"minecraft:chicken":5,"minecraft:cornflower":1,"minecraft:string":3,"minecraft:wooden_sword":2,"minecraft:netherite_sword":2,"minecraft:beef":2,"minecraft:rose_bush":1,"minecraft:poppy":3,"minecraft:light_gray_wool":2,"minecraft:egg":4,"minecraft:furnace":1,"minecraft:stick":21,"minecraft:raw_iron":35,"minecraft:torch":28,"minecraft:porkchop":1,"minecraft:stone_sword":3,"minecraft:arrow":4,"minecraft:rotten_flesh":16,"minecraft:hay_block":3,"minecraft:carved_pumpkin":1,"minecraft:mutton":12,"minecraft:white_wool":70,"minecraft:cobblestone":235,"minecraft:birch_log":3,"minecraft:lilac":1,"minecraft:feather":10,"minecraft:cooked_beef":2,"minecraft:leather":8,"minecraft:birch_planks":1,"minecraft:oak_log":39,"minecraft:yellow_bed":1,"minecraft:cobblestone_stairs":2,"minecraft:dirt":15,"minecraft:cooked_mutton":4,"minecraft:bone":3,"minecraft:apple":4,"minecraft:wheat_seeds":11,"minecraft:iron_ingot":18,"minecraft:stone_pickaxe":3,"minecraft:oak_planks":34,"minecraft:oak_slab":6,"minecraft:cooked_porkchop":5,"minecraft:dandelion":1,"minecraft:white_bed":2,"minecraft:spider_eye":1,"minecraft:mossy_cobblestone":6,"minecraft:pumpkin_seeds":4,"minecraft:grass":2,"minecraft:bread":5,"minecraft:emerald":2,"minecraft:black_wool":1,"minecraft:coal":123,"minecraft:sunflower":7},"minecraft:crafted":{"minecraft:wooden_sword":2,"minecraft:oak_planks":136,"minecraft:cooked_chicken":2,"minecraft:furnace":2,"minecraft:cooked_mutton":13,"minecraft:iron_boots":2,"minecraft:stone_pickaxe":4,"minecraft:chest":1,"minecraft:wheat":27,"minecraft:cooked_beef":2,"minecraft:crafting_table":6,"minecraft:wooden_pickaxe":2,"minecraft:iron_helmet":2,"minecraft:birch_planks":12,"minecraft:stone_axe":3,"minecraft:bread":9,"minecraft:iron_chestplate":1,"minecraft:shield":3,"minecraft:stick":52,"minecraft:iron_ingot":32,"minecraft:iron_pickaxe":2,"minecraft:wooden_axe":2,"minecraft:stone_sword":5,"minecraft:iron_leggings":1,"minecraft:white_bed":4,"minecraft:torch":60,"minecraft:shears":1},"minecraft:mined":{"minecraft:white_bed":3,"minecraft:cobblestone_stairs":2,"minecraft:carved_pumpkin":1,"minecraft:grass_block":8,"minecraft:hay_block":3,"minecraft:furnace":1,"minecraft:iron_ore":26,"minecraft:dirt_path":6,"minecraft:stone":40,"minecraft:white_wool":9,"minecraft:dandelion":1,"minecraft:crafting_table":2,"minecraft:emerald_ore":2,"minecraft:poppy":1,"minecraft:rose_bush":2,"minecraft:tall_grass":5,"minecraft:cobblestone":1,"minecraft:wall_torch":1,"minecraft:birch_log":3,"minecraft:lilac":1,"minecraft:birch_leaves":4,"minecraft:grass":32,"minecraft:oak_log":30,"minecraft:coal_ore":39,"minecraft:sunflower":2,"minecraft:dirt":2,"minecraft:oak_leaves":4},"minecraft:killed_by":{"minecraft:player":2,"minecraft:drowned":1,"minecraft:skeleton":1},"minecraft:custom":{"minecraft:mob_kills":32,"minecraft:interact_with_crafting_table":55,"minecraft:leave_game":7,"minecraft:time_since_death":29297,"minecraft:climb_one_cm":317,"minecraft:sprint_one_cm":181240,"minecraft:walk_one_cm":302291,"minecraft:damage_blocked_by_shield":80,"minecraft:drop":98,"minecraft:talked_to_villager":1,"minecraft:play_time":108523,"minecraft:deaths":6,"minecraft:sneak_time":1499,"minecraft:walk_under_water_one_cm":1514,"minecraft:jump":1577,"minecraft:walk_on_water_one_cm":2245,"minecraft:total_world_time":108523,"minecraft:interact_with_furnace":37,"minecraft:sleep_in_bed":1,"minecraft:time_since_rest":29325,"minecraft:damage_taken":2581,"minecraft:trigger_trapped_chest":5,"minecraft:damage_dealt":4908,"minecraft:player_kills":2,"minecraft:swim_one_cm":5561,"minecraft:fly_one_cm":256060,"minecraft:open_chest":11,"minecraft:crouch_one_cm":1938,"minecraft:fall_one_cm":45396},"minecraft:dropped":{"minecraft:iron_ingot":1,"minecraft:bread":2,"minecraft:wheat_seeds":3,"minecraft:oak_log":1,"minecraft:mossy_cobblestone":3,"minecraft:feather":2,"minecraft:iron_helmet":1,"minecraft:coal":27,"minecraft:torch":26,"minecraft:wooden_axe":3,"minecraft:wooden_sword":3,"minecraft:sunflower":7,"minecraft:iron_pickaxe":1,"minecraft:stone_axe":3,"minecraft:stone_sword":7,"minecraft:iron_boots":1,"minecraft:cooked_mutton":5,"minecraft:poppy":1,"minecraft:shield":2,"minecraft:wooden_pickaxe":1,"minecraft:stone_pickaxe":5}},"DataVersion":3120}