{"stats":{"minecraft:custom":{"minecraft:time_since_rest":27566,"minecraft:crouch_one_cm":304,"minecraft:sprint_one_cm":1401,"minecraft:play_time":27566,"minecraft:damage_taken":25,"minecraft:walk_one_cm":38434,"minecraft:sneak_time":786,"minecraft:jump":85,"minecraft:damage_dealt":11,"minecraft:leave_game":4,"minecraft:time_since_death":27566,"minecraft:total_world_time":27566,"minecraft:fall_one_cm":1163,"minecraft:fly_one_cm":111931},"minecraft:crafted":{"minecraft:birch_planks":12},"minecraft:picked_up":{"minecraft:birch_log":3,"minecraft:azure_bluet":1,"minecraft:wheat_seeds":4,"minecraft:poppy":1,"minecraft:egg":1},"minecraft:mined":{"minecraft:birch_log":3,"minecraft:birch_leaves":4,"minecraft:oak_leaves":3},"minecraft:used":{"minecraft:calcite":24,"minecraft:birch_planks":8,"minecraft:grass_block":148}},"DataVersion":3120}