{"stats":{"minecraft:killed":{"minecraft:spider":1,"minecraft:iron_golem":1,"minecraft:sheep":2,"minecraft:zombie":1,"minecraft:chicken":6},"minecraft:used":{"minecraft:calcite":24,"minecraft:netherite_sword":61,"minecraft:stone_sword":19,"minecraft:birch_planks":8,"minecraft:stone_pickaxe":14,"minecraft:oak_planks":3,"minecraft:wooden_pickaxe":18,"minecraft:mutton":2,"minecraft:crafting_table":7,"minecraft:white_bed":4,"minecraft:wooden_axe":8,"minecraft:apple":4,"minecraft:chicken":3,"minecraft:grass_block":151,"minecraft:bread":6,"minecraft:wooden_sword":60,"minecraft:furnace":1,"minecraft:trapped_chest":2,"minecraft:egg":2},"minecraft:picked_up":{"minecraft:wooden_axe":2,"minecraft:birch_log":3,"minecraft:crafting_table":5,"minecraft:feather":10,"minecraft:azure_bluet":1,"minecraft:lilac":1,"minecraft:chicken":5,"minecraft:oak_log":31,"minecraft:yellow_bed":1,"minecraft:wooden_sword":2,"minecraft:apple":4,"minecraft:wheat_seeds":9,"minecraft:netherite_sword":1,"minecraft:iron_ingot":5,"minecraft:stone_pickaxe":1,"minecraft:beef":2,"minecraft:rose_bush":1,"minecraft:poppy":3,"minecraft:light_gray_wool":1,"minecraft:oak_planks":34,"minecraft:furnace":1,"minecraft:egg":4,"minecraft:torch":1,"minecraft:dandelion":1,"minecraft:white_bed":2,"minecraft:mossy_cobblestone":3,"minecraft:stone_sword":3,"minecraft:hay_block":2,"minecraft:bread":1,"minecraft:black_wool":1,"minecraft:mutton":2,"minecraft:coal":12,"minecraft:white_wool":38,"minecraft:cobblestone":126,"minecraft:sunflower":7},"minecraft:crafted":{"minecraft:wooden_sword":2,"minecraft:oak_planks":104,"minecraft:crafting_table":4,"minecraft:wooden_pickaxe":2,"minecraft:cooked_chicken":2,"minecraft:furnace":1,"minecraft:birch_planks":12,"minecraft:stone_axe":1,"minecraft:bread":6,"minecraft:stick":32,"minecraft:stone_pickaxe":3,"minecraft:wooden_axe":2,"minecraft:stone_sword":2,"minecraft:white_bed":4,"minecraft:cooked_beef":2,"minecraft:wheat":18},"minecraft:mined":{"minecraft:white_bed":3,"minecraft:dandelion":1,"minecraft:crafting_table":2,"minecraft:poppy":1,"minecraft:rose_bush":2,"minecraft:tall_grass":3,"minecraft:hay_block":2,"minecraft:furnace":1,"minecraft:birch_log":3,"minecraft:lilac":1,"minecraft:birch_leaves":4,"minecraft:grass":22,"minecraft:coal_ore":13,"minecraft:oak_log":22,"minecraft:sunflower":2,"minecraft:stone":18,"minecraft:white_wool":9,"minecraft:oak_leaves":4},"minecraft:killed_by":{"minecraft:player":2,"minecraft:drowned":1},"minecraft:custom":{"minecraft:interact_with_furnace":7,"minecraft:mob_kills":11,"minecraft:interact_with_crafting_table":19,"minecraft:leave_game":7,"minecraft:time_since_death":20312,"minecraft:climb_one_cm":203,"minecraft:time_since_rest":20337,"minecraft:sprint_one_cm":79035,"minecraft:damage_taken":1473,"minecraft:walk_one_cm":149761,"minecraft:trigger_trapped_chest":5,"minecraft:drop":26,"minecraft:damage_dealt":1893,"minecraft:swim_one_cm":5561,"minecraft:fly_one_cm":190559,"minecraft:player_kills":2,"minecraft:open_chest":1,"minecraft:crouch_one_cm":1760,"minecraft:play_time":66523,"minecraft:deaths":5,"minecraft:sneak_time":1472,"minecraft:walk_under_water_one_cm":1514,"minecraft:jump":726,"minecraft:walk_on_water_one_cm":2245,"minecraft:total_world_time":66523,"minecraft:fall_one_cm":25726},"minecraft:dropped":{"minecraft:stone_axe":1,"minecraft:bread":2,"minecraft:wheat_seeds":3,"minecraft:oak_log":1,"minecraft:stone_sword":4,"minecraft:mossy_cobblestone":3,"minecraft:feather":2,"minecraft:poppy":1,"minecraft:wooden_axe":3,"minecraft:wooden_sword":3,"minecraft:sunflower":7,"minecraft:stone_pickaxe":2,"minecraft:wooden_pickaxe":1}},"DataVersion":3120}