{"stats":{"minecraft:killed":{"minecraft:pig":1,"minecraft:spider":1,"minecraft:horse":5,"minecraft:sheep":3,"minecraft:goat":1,"minecraft:zombie":1,"minecraft:villager":5},"minecraft:used":{"minecraft:cooked_mutton":2,"minecraft:netherite_sword":19,"minecraft:diamond_boots":1,"minecraft:stone_sword":98,"minecraft:stone_pickaxe":125,"minecraft:wooden_pickaxe":3,"minecraft:torch":1,"minecraft:dirt":5,"minecraft:wooden_axe":23,"minecraft:chicken":1,"minecraft:bread":5,"minecraft:wooden_sword":2,"minecraft:diamond_leggings":1},"minecraft:broken":{"minecraft:stone_pickaxe":1},"minecraft:picked_up":{"minecraft:wooden_axe":2,"minecraft:crafting_table":4,"minecraft:chicken":2,"minecraft:leather":10,"minecraft:wooden_pickaxe":4,"minecraft:oak_stairs":1,"minecraft:oak_log":61,"minecraft:yellow_bed":1,"minecraft:cornflower":2,"minecraft:dirt":17,"minecraft:wooden_sword":2,"minecraft:stonecutter":1,"minecraft:wheat_seeds":7,"minecraft:diamond_leggings":1,"minecraft:netherite_sword":1,"minecraft:beef":2,"minecraft:stone_pickaxe":7,"minecraft:light_gray_wool":1,"minecraft:oak_planks":18,"minecraft:egg":1,"minecraft:furnace":2,"minecraft:oak_slab":6,"minecraft:stick":5,"minecraft:raw_iron":1,"minecraft:composter":1,"minecraft:torch":4,"minecraft:porkchop":1,"minecraft:white_bed":1,"minecraft:mossy_cobblestone":6,"minecraft:stone_sword":8,"minecraft:rotten_flesh":3,"minecraft:stone_axe":4,"minecraft:diamond_boots":1,"minecraft:emerald":3,"minecraft:bread":104,"minecraft:oak_sapling":3,"minecraft:mutton":3,"minecraft:coal":2,"minecraft:white_wool":8,"minecraft:cobblestone":140,"minecraft:sunflower":5},"minecraft:crafted":{"minecraft:cooked_mutton":6},"minecraft:mined":{"minecraft:mossy_cobblestone":3,"minecraft:powder_snow":2,"minecraft:crafting_table":3,"minecraft:cornflower":3,"minecraft:grass_block":1,"minecraft:cobblestone":14,"minecraft:wall_torch":2,"minecraft:hay_block":3,"minecraft:carrots":1,"minecraft:wheat":1,"minecraft:grass":31,"minecraft:oak_log":29,"minecraft:dirt_path":1,"minecraft:sunflower":5,"minecraft:dirt":3,"minecraft:stone":106,"minecraft:white_wool":7,"minecraft:oak_leaves":6},"minecraft:killed_by":{"minecraft:player":11,"minecraft:creeper":1,"minecraft:iron_golem":1},"minecraft:custom":{"minecraft:interact_with_furnace":3,"minecraft:mob_kills":17,"minecraft:interact_with_crafting_table":3,"minecraft:time_since_death":1835,"minecraft:sleep_in_bed":2,"minecraft:climb_one_cm":2413,"minecraft:time_since_rest":1862,"minecraft:sprint_one_cm":130392,"minecraft:damage_taken":3591,"minecraft:walk_one_cm":350365,"minecraft:drop":139,"minecraft:damage_dealt":3937,"minecraft:swim_one_cm":1047,"minecraft:fly_one_cm":44970,"minecraft:player_kills":2,"minecraft:open_chest":3,"minecraft:play_time":59428,"minecraft:deaths":14,"minecraft:walk_under_water_one_cm":1523,"minecraft:jump":1166,"minecraft:walk_on_water_one_cm":665,"minecraft:total_world_time":59428,"minecraft:fall_one_cm":22777},"minecraft:dropped":{"minecraft:bread":55,"minecraft:furnace":1,"minecraft:stone_axe":1,"minecraft:porkchop":1,"minecraft:oak_log":11,"minecraft:mossy_cobblestone":3,"minecraft:crafting_table":2,"minecraft:cobblestone":99,"minecraft:leather":6,"minecraft:white_bed":1,"minecraft:stick":5,"minecraft:cornflower":1,"minecraft:mutton":3,"minecraft:oak_sapling":2,"minecraft:oak_stairs":1,"minecraft:wooden_pickaxe":2}},"DataVersion":3120}