{"stats":{"minecraft:killed":{"minecraft:pig":1,"minecraft:spider":1,"minecraft:horse":5,"minecraft:sheep":3,"minecraft:goat":1,"minecraft:zombie":1,"minecraft:villager":5},"minecraft:used":{"minecraft:cooked_mutton":3,"minecraft:netherite_sword":19,"minecraft:diamond_boots":1,"minecraft:stone_sword":98,"minecraft:stone_pickaxe":229,"minecraft:wooden_pickaxe":3,"minecraft:torch":1,"minecraft:dirt":5,"minecraft:wooden_axe":23,"minecraft:chicken":1,"minecraft:bread":5,"minecraft:iron_pickaxe":1,"minecraft:iron_helmet":1,"minecraft:iron_boots":1,"minecraft:stone_axe":20,"minecraft:wooden_sword":2,"minecraft:cooked_porkchop":1,"minecraft:egg":1,"minecraft:diamond_leggings":1},"minecraft:broken":{"minecraft:stone_pickaxe":2},"minecraft:picked_up":{"minecraft:wooden_axe":2,"minecraft:crafting_table":4,"minecraft:chicken":2,"minecraft:leather":10,"minecraft:wooden_pickaxe":4,"minecraft:oak_stairs":1,"minecraft:oak_log":81,"minecraft:yellow_bed":1,"minecraft:shield":2,"minecraft:cornflower":2,"minecraft:dirt":17,"minecraft:wooden_sword":2,"minecraft:cooked_mutton":5,"minecraft:bone":1,"minecraft:stonecutter":1,"minecraft:wheat_seeds":7,"minecraft:diamond_leggings":1,"minecraft:netherite_sword":1,"minecraft:beef":2,"minecraft:stone_pickaxe":8,"minecraft:iron_pickaxe":1,"minecraft:light_gray_wool":1,"minecraft:oak_planks":18,"minecraft:iron_boots":1,"minecraft:egg":2,"minecraft:furnace":2,"minecraft:oak_slab":6,"minecraft:stick":5,"minecraft:raw_iron":9,"minecraft:cooked_porkchop":1,"minecraft:composter":1,"minecraft:torch":30,"minecraft:porkchop":1,"minecraft:white_bed":1,"minecraft:mossy_cobblestone":6,"minecraft:stone_sword":8,"minecraft:rotten_flesh":3,"minecraft:stone_axe":5,"minecraft:diamond_boots":1,"minecraft:iron_helmet":1,"minecraft:emerald":3,"minecraft:bread":104,"minecraft:oak_sapling":4,"minecraft:mutton":3,"minecraft:coal":203,"minecraft:white_wool":8,"minecraft:cobblestone":160,"minecraft:sunflower":6},"minecraft:crafted":{"minecraft:cooked_mutton":6,"minecraft:iron_ingot":3},"minecraft:mined":{"minecraft:mossy_cobblestone":3,"minecraft:powder_snow":2,"minecraft:crafting_table":3,"minecraft:cornflower":3,"minecraft:glow_lichen":2,"minecraft:grass_block":1,"minecraft:cobblestone":14,"minecraft:wall_torch":2,"minecraft:hay_block":3,"minecraft:carrots":1,"minecraft:iron_ore":8,"minecraft:wheat":1,"minecraft:grass":31,"minecraft:sculk_shrieker":1,"minecraft:coal_ore":74,"minecraft:oak_log":49,"minecraft:dirt_path":1,"minecraft:sunflower":7,"minecraft:dirt":3,"minecraft:stone":126,"minecraft:white_wool":7,"minecraft:oak_leaves":6},"minecraft:killed_by":{"minecraft:player":11,"minecraft:skeleton":1,"minecraft:creeper":1,"minecraft:iron_golem":1},"minecraft:custom":{"minecraft:interact_with_furnace":8,"minecraft:mob_kills":17,"minecraft:interact_with_crafting_table":3,"minecraft:open_barrel":1,"minecraft:time_since_death":14203,"minecraft:sleep_in_bed":5,"minecraft:climb_one_cm":3833,"minecraft:time_since_rest":11207,"minecraft:sprint_one_cm":215004,"minecraft:damage_taken":3942,"minecraft:walk_one_cm":419724,"minecraft:drop":383,"minecraft:damage_dealt":3937,"minecraft:swim_one_cm":1047,"minecraft:fly_one_cm":75419,"minecraft:player_kills":2,"minecraft:open_chest":4,"minecraft:play_time":77428,"minecraft:deaths":15,"minecraft:walk_under_water_one_cm":1523,"minecraft:jump":1486,"minecraft:interact_with_blast_furnace":1,"minecraft:walk_on_water_one_cm":891,"minecraft:interact_with_smoker":1,"minecraft:total_world_time":77428,"minecraft:fall_one_cm":30774},"minecraft:dropped":{"minecraft:bread":55,"minecraft:furnace":1,"minecraft:stone_axe":1,"minecraft:porkchop":1,"minecraft:oak_log":11,"minecraft:mossy_cobblestone":3,"minecraft:crafting_table":2,"minecraft:raw_iron":8,"minecraft:cobblestone":119,"minecraft:leather":6,"minecraft:white_bed":1,"minecraft:coal":201,"minecraft:stick":5,"minecraft:torch":15,"minecraft:cornflower":1,"minecraft:mutton":3,"minecraft:oak_sapling":2,"minecraft:oak_stairs":1,"minecraft:wooden_pickaxe":2}},"DataVersion":3120}