{"stats":{"minecraft:used":{"minecraft:diamond_boots":1,"minecraft:stone_sword":4,"minecraft:diamond_leggings":1},"minecraft:picked_up":{"minecraft:wooden_axe":1,"minecraft:stone_sword":1,"minecraft:chicken":2,"minecraft:wheat_seeds":1,"minecraft:diamond_leggings":1,"minecraft:netherite_sword":1,"minecraft:diamond_boots":1,"minecraft:oak_log":2,"minecraft:oak_planks":17,"minecraft:white_wool":5,"minecraft:dirt":1,"minecraft:sunflower":2,"minecraft:egg":1},"minecraft:mined":{"minecraft:grass":5,"minecraft:oak_log":2,"minecraft:grass_block":1,"minecraft:sunflower":3,"minecraft:white_wool":7},"minecraft:killed_by":{"minecraft:player":2},"minecraft:custom":{"minecraft:time_since_rest":4371,"minecraft:walk_one_cm":88967,"minecraft:play_time":11428,"minecraft:sprint_one_cm":8980,"minecraft:damage_taken":298,"minecraft:deaths":3,"minecraft:drop":2,"minecraft:jump":151,"minecraft:damage_dealt":130,"minecraft:time_since_death":4270,"minecraft:total_world_time":11428,"minecraft:interact_with_crafting_table":2,"minecraft:fall_one_cm":3189,"minecraft:fly_one_cm":2048},"minecraft:dropped":{"minecraft:oak_log":2}},"DataVersion":3120}