{"stats":{"minecraft:killed":{"minecraft:spider":1,"minecraft:horse":3,"minecraft:sheep":3,"minecraft:zombie":1,"minecraft:villager":3},"minecraft:used":{"minecraft:cooked_mutton":2,"minecraft:netherite_sword":19,"minecraft:diamond_boots":1,"minecraft:stone_sword":60,"minecraft:stone_pickaxe":125,"minecraft:wooden_pickaxe":3,"minecraft:torch":1,"minecraft:dirt":5,"minecraft:wooden_axe":23,"minecraft:chicken":1,"minecraft:bread":5,"minecraft:wooden_sword":2,"minecraft:diamond_leggings":1},"minecraft:broken":{"minecraft:stone_pickaxe":1},"minecraft:picked_up":{"minecraft:wooden_axe":2,"minecraft:crafting_table":4,"minecraft:chicken":2,"minecraft:leather":3,"minecraft:wooden_pickaxe":4,"minecraft:oak_stairs":1,"minecraft:oak_log":19,"minecraft:yellow_bed":1,"minecraft:cornflower":1,"minecraft:dirt":17,"minecraft:wooden_sword":2,"minecraft:wheat_seeds":5,"minecraft:diamond_leggings":1,"minecraft:netherite_sword":1,"minecraft:beef":2,"minecraft:stone_pickaxe":6,"minecraft:oak_planks":18,"minecraft:egg":1,"minecraft:furnace":1,"minecraft:stick":5,"minecraft:torch":3,"minecraft:white_bed":1,"minecraft:mossy_cobblestone":6,"minecraft:stone_sword":7,"minecraft:rotten_flesh":2,"minecraft:stone_axe":4,"minecraft:diamond_boots":1,"minecraft:bread":61,"minecraft:oak_sapling":2,"minecraft:mutton":3,"minecraft:coal":2,"minecraft:white_wool":8,"minecraft:cobblestone":140,"minecraft:sunflower":5},"minecraft:crafted":{"minecraft:cooked_mutton":6},"minecraft:mined":{"minecraft:mossy_cobblestone":3,"minecraft:crafting_table":3,"minecraft:cornflower":1,"minecraft:grass_block":1,"minecraft:cobblestone":14,"minecraft:wall_torch":1,"minecraft:hay_block":3,"minecraft:carrots":1,"minecraft:wheat":1,"minecraft:grass":18,"minecraft:oak_log":19,"minecraft:dirt_path":1,"minecraft:sunflower":5,"minecraft:dirt":3,"minecraft:stone":106,"minecraft:white_wool":7},"minecraft:killed_by":{"minecraft:player":4,"minecraft:creeper":1,"minecraft:iron_golem":1},"minecraft:custom":{"minecraft:interact_with_furnace":3,"minecraft:mob_kills":11,"minecraft:interact_with_crafting_table":3,"minecraft:time_since_death":8515,"minecraft:sleep_in_bed":2,"minecraft:climb_one_cm":2268,"minecraft:time_since_rest":4261,"minecraft:sprint_one_cm":76732,"minecraft:damage_taken":1761,"minecraft:walk_one_cm":298100,"minecraft:drop":133,"minecraft:damage_dealt":2913,"minecraft:swim_one_cm":1047,"minecraft:fly_one_cm":18438,"minecraft:player_kills":1,"minecraft:open_chest":1,"minecraft:play_time":47428,"minecraft:deaths":7,"minecraft:walk_under_water_one_cm":1523,"minecraft:jump":790,"minecraft:walk_on_water_one_cm":665,"minecraft:total_world_time":47428,"minecraft:fall_one_cm":15366},"minecraft:dropped":{"minecraft:bread":55,"minecraft:furnace":1,"minecraft:stone_axe":1,"minecraft:oak_log":11,"minecraft:mossy_cobblestone":3,"minecraft:crafting_table":2,"minecraft:cobblestone":99,"minecraft:leather":2,"minecraft:white_bed":1,"minecraft:stick":5,"minecraft:mutton":3,"minecraft:oak_sapling":2,"minecraft:oak_stairs":1,"minecraft:wooden_pickaxe":2}},"DataVersion":3120}