{"stats":{"minecraft:killed":{"minecraft:pig":1,"minecraft:spider":1,"minecraft:skeleton":1,"minecraft:horse":5,"minecraft:sheep":3,"minecraft:goat":1,"minecraft:zombie":1,"minecraft:villager":5},"minecraft:used":{"minecraft:cooked_mutton":7,"minecraft:netherite_sword":19,"minecraft:diamond_boots":1,"minecraft:stone_sword":98,"minecraft:stone_pickaxe":229,"minecraft:wooden_pickaxe":3,"minecraft:iron_chestplate":1,"minecraft:torch":2,"minecraft:dirt":5,"minecraft:oak_log":2,"minecraft:wooden_axe":23,"minecraft:chicken":1,"minecraft:bread":5,"minecraft:iron_pickaxe":14,"minecraft:iron_helmet":1,"minecraft:iron_boots":1,"minecraft:stone_axe":52,"minecraft:wooden_sword":2,"minecraft:cooked_porkchop":1,"minecraft:egg":1,"minecraft:diamond_leggings":1,"minecraft:iron_leggings":1},"minecraft:broken":{"minecraft:stone_pickaxe":2},"minecraft:picked_up":{"minecraft:wooden_axe":2,"minecraft:iron_chestplate":1,"minecraft:wheat":2,"minecraft:crafting_table":6,"minecraft:chicken":2,"minecraft:leather":10,"minecraft:diamond_sword":1,"minecraft:wooden_pickaxe":4,"minecraft:potato":12,"minecraft:oak_stairs":1,"minecraft:oak_log":81,"minecraft:yellow_bed":2,"minecraft:shield":2,"minecraft:string":3,"minecraft:cornflower":2,"minecraft:dirt":23,"minecraft:iron_axe":1,"minecraft:wooden_sword":2,"minecraft:iron_leggings":2,"minecraft:cooked_mutton":5,"minecraft:bone":1,"minecraft:beetroot":1,"minecraft:stonecutter":1,"minecraft:wheat_seeds":28,"minecraft:diamond_leggings":1,"minecraft:netherite_sword":1,"minecraft:beef":2,"minecraft:stone_pickaxe":8,"minecraft:cooked_chicken":4,"minecraft:iron_pickaxe":2,"minecraft:light_gray_wool":1,"minecraft:oak_planks":53,"minecraft:iron_boots":1,"minecraft:egg":2,"minecraft:furnace":2,"minecraft:black_candle":2,"minecraft:oak_slab":6,"minecraft:stick":7,"minecraft:raw_iron":9,"minecraft:cooked_porkchop":1,"minecraft:composter":1,"minecraft:torch":43,"minecraft:dandelion":1,"minecraft:porkchop":4,"minecraft:pointed_dripstone":2,"minecraft:white_bed":4,"minecraft:carrot":10,"minecraft:mossy_cobblestone":6,"minecraft:arrow":2,"minecraft:stone_sword":8,"minecraft:rotten_flesh":3,"minecraft:diamond":1,"minecraft:beetroot_seeds":4,"minecraft:stone_axe":5,"minecraft:soul_lantern":2,"minecraft:diamond_boots":2,"minecraft:iron_helmet":2,"minecraft:emerald":3,"minecraft:bread":104,"minecraft:oak_sapling":4,"minecraft:mutton":12,"minecraft:coal":203,"minecraft:white_wool":8,"minecraft:cobblestone":185,"minecraft:sunflower":6},"minecraft:crafted":{"minecraft:cooked_mutton":6,"minecraft:iron_ingot":3},"minecraft:mined":{"minecraft:white_bed":1,"minecraft:mossy_cobblestone":3,"minecraft:dandelion":1,"minecraft:soul_lantern":2,"minecraft:powder_snow":2,"minecraft:crafting_table":3,"minecraft:cornflower":3,"minecraft:glow_lichen":2,"minecraft:grass_block":1,"minecraft:cobblestone":16,"minecraft:wall_torch":2,"minecraft:hay_block":3,"minecraft:sculk_catalyst":1,"minecraft:carrots":5,"minecraft:iron_ore":8,"minecraft:wheat":13,"minecraft:grass":33,"minecraft:sculk_shrieker":2,"minecraft:potatoes":5,"minecraft:coal_ore":74,"minecraft:oak_log":49,"minecraft:beetroots":2,"minecraft:dirt_path":3,"minecraft:sunflower":7,"minecraft:dirt":7,"minecraft:stone":126,"minecraft:white_wool":7,"minecraft:oak_leaves":6},"minecraft:killed_by":{"minecraft:player":11,"minecraft:skeleton":1,"minecraft:creeper":1,"minecraft:iron_golem":1},"minecraft:custom":{"minecraft:interact_with_furnace":8,"minecraft:mob_kills":18,"minecraft:interact_with_crafting_table":4,"minecraft:open_barrel":1,"minecraft:time_since_death":26203,"minecraft:sleep_in_bed":5,"minecraft:climb_one_cm":4693,"minecraft:time_since_rest":23207,"minecraft:sprint_one_cm":247135,"minecraft:damage_taken":4173,"minecraft:walk_one_cm":472745,"minecraft:drop":397,"minecraft:damage_dealt":4136,"minecraft:swim_one_cm":1047,"minecraft:fly_one_cm":87195,"minecraft:player_kills":2,"minecraft:open_chest":7,"minecraft:play_time":89428,"minecraft:deaths":15,"minecraft:walk_under_water_one_cm":1523,"minecraft:jump":1748,"minecraft:interact_with_blast_furnace":1,"minecraft:walk_on_water_one_cm":891,"minecraft:interact_with_smoker":1,"minecraft:total_world_time":89428,"minecraft:fall_one_cm":37751},"minecraft:dropped":{"minecraft:iron_ingot":3,"minecraft:bread":55,"minecraft:furnace":1,"minecraft:stone_axe":1,"minecraft:porkchop":1,"minecraft:oak_log":11,"minecraft:mossy_cobblestone":3,"minecraft:diamond":1,"minecraft:crafting_table":2,"minecraft:pointed_dripstone":2,"minecraft:soul_lantern":3,"minecraft:raw_iron":8,"minecraft:iron_helmet":1,"minecraft:cobblestone":119,"minecraft:leather":6,"minecraft:white_bed":1,"minecraft:coal":201,"minecraft:stick":5,"minecraft:black_candle":2,"minecraft:torch":16,"minecraft:cornflower":1,"minecraft:mutton":3,"minecraft:oak_sapling":3,"minecraft:diamond_boots":1,"minecraft:iron_leggings":1,"minecraft:oak_stairs":1,"minecraft:wooden_pickaxe":2}},"DataVersion":3120}