{"stats":{"minecraft:killed":{"minecraft:zombie":1,"minecraft:villager":2},"minecraft:broken":{"minecraft:stone_pickaxe":1},"minecraft:used":{"minecraft:wooden_axe":23,"minecraft:netherite_sword":19,"minecraft:stone_sword":4,"minecraft:diamond_boots":1,"minecraft:chicken":1,"minecraft:bread":5,"minecraft:stone_pickaxe":121,"minecraft:torch":1,"minecraft:wooden_sword":1,"minecraft:diamond_leggings":1},"minecraft:picked_up":{"minecraft:wooden_axe":1,"minecraft:stick":5,"minecraft:crafting_table":4,"minecraft:chicken":2,"minecraft:leather":2,"minecraft:torch":2,"minecraft:wooden_pickaxe":3,"minecraft:oak_stairs":1,"minecraft:oak_log":19,"minecraft:white_bed":1,"minecraft:yellow_bed":1,"minecraft:dirt":1,"minecraft:mossy_cobblestone":3,"minecraft:wooden_sword":1,"minecraft:stone_sword":4,"minecraft:stone_axe":2,"minecraft:diamond_leggings":1,"minecraft:wheat_seeds":2,"minecraft:netherite_sword":1,"minecraft:diamond_boots":1,"minecraft:beef":2,"minecraft:stone_pickaxe":4,"minecraft:bread":61,"minecraft:oak_sapling":2,"minecraft:coal":2,"minecraft:cobblestone":117,"minecraft:oak_planks":18,"minecraft:furnace":1,"minecraft:white_wool":5,"minecraft:egg":1,"minecraft:sunflower":3},"minecraft:mined":{"minecraft:hay_block":3,"minecraft:carrots":1,"minecraft:mossy_cobblestone":3,"minecraft:wheat":1,"minecraft:crafting_table":3,"minecraft:grass":6,"minecraft:grass_block":1,"minecraft:oak_log":19,"minecraft:sunflower":3,"minecraft:cobblestone":14,"minecraft:stone":102,"minecraft:white_wool":7},"minecraft:killed_by":{"minecraft:iron_golem":1,"minecraft:player":3,"minecraft:creeper":1},"minecraft:custom":{"minecraft:time_since_rest":243,"minecraft:sprint_one_cm":32557,"minecraft:damage_taken":1420,"minecraft:walk_one_cm":233759,"minecraft:mob_kills":3,"minecraft:drop":127,"minecraft:damage_dealt":1591,"minecraft:swim_one_cm":1047,"minecraft:player_kills":1,"minecraft:interact_with_crafting_table":3,"minecraft:fly_one_cm":7803,"minecraft:play_time":35428,"minecraft:deaths":6,"minecraft:walk_under_water_one_cm":1523,"minecraft:jump":509,"minecraft:time_since_death":196,"minecraft:walk_on_water_one_cm":665,"minecraft:sleep_in_bed":1,"minecraft:total_world_time":35428,"minecraft:climb_one_cm":1332,"minecraft:fall_one_cm":9723},"minecraft:dropped":{"minecraft:stone_axe":1,"minecraft:bread":55,"minecraft:furnace":1,"minecraft:oak_log":11,"minecraft:crafting_table":2,"minecraft:oak_sapling":2,"minecraft:cobblestone":99,"minecraft:oak_stairs":1,"minecraft:leather":2,"minecraft:wooden_pickaxe":2,"minecraft:white_bed":1,"minecraft:stick":5}},"DataVersion":3120}