{"stats":{"minecraft:killed":{"minecraft:spider":1,"minecraft:skeleton":1,"minecraft:horse":5,"minecraft:pig":2,"minecraft:sheep":3,"minecraft:goat":1,"minecraft:zombie":1,"minecraft:villager":5},"minecraft:broken":{"minecraft:stone_pickaxe":2,"minecraft:iron_pickaxe":1},"minecraft:used":{"minecraft:netherite_sword":19,"minecraft:stone_sword":98,"minecraft:cooked_chicken":3,"minecraft:iron_chestplate":1,"minecraft:torch":7,"minecraft:dirt":5,"minecraft:wooden_axe":23,"minecraft:iron_helmet":1,"minecraft:iron_boots":1,"minecraft:egg":1,"minecraft:cooked_beef":2,"minecraft:iron_leggings":1,"minecraft:cooked_mutton":7,"minecraft:diamond_boots":1,"minecraft:stone_pickaxe":229,"minecraft:wooden_pickaxe":3,"minecraft:oak_log":2,"minecraft:chicken":1,"minecraft:bread":5,"minecraft:iron_pickaxe":411,"minecraft:stone_axe":58,"minecraft:diamond_sword":12,"minecraft:wooden_sword":2,"minecraft:cobblestone":47,"minecraft:cooked_porkchop":1,"minecraft:diamond_leggings":1},"minecraft:picked_up":{"minecraft:wooden_axe":2,"minecraft:crafting_table":6,"minecraft:iron_chestplate":1,"minecraft:wheat":2,"minecraft:chicken":2,"minecraft:ladder":2,"minecraft:diamond_sword":2,"minecraft:wooden_pickaxe":4,"minecraft:oak_stairs":1,"minecraft:shield":2,"minecraft:cornflower":2,"minecraft:iron_axe":1,"minecraft:string":3,"minecraft:raw_copper":24,"minecraft:wooden_sword":2,"minecraft:iron_leggings":2,"minecraft:beetroot":1,"minecraft:diamond_leggings":1,"minecraft:cobbled_deepslate":33,"minecraft:netherite_sword":1,"minecraft:beef":2,"minecraft:iron_pickaxe":3,"minecraft:light_gray_wool":1,"minecraft:egg":2,"minecraft:furnace":2,"minecraft:iron_boots":1,"minecraft:stick":7,"minecraft:raw_iron":32,"minecraft:composter":1,"minecraft:torch":44,"minecraft:porkchop":6,"minecraft:pointed_dripstone":2,"minecraft:diorite":11,"minecraft:carrot":10,"minecraft:stone_sword":8,"minecraft:arrow":2,"minecraft:rotten_flesh":3,"minecraft:beetroot_seeds":4,"minecraft:diamond_boots":2,"minecraft:mutton":12,"minecraft:white_wool":8,"minecraft:cobblestone":395,"minecraft:leather":10,"minecraft:potato":12,"minecraft:oak_log":81,"minecraft:yellow_bed":3,"minecraft:dirt":27,"minecraft:cooked_mutton":5,"minecraft:bone":1,"minecraft:stonecutter":1,"minecraft:wheat_seeds":28,"minecraft:stone_pickaxe":9,"minecraft:cooked_chicken":4,"minecraft:oak_planks":102,"minecraft:oak_slab":6,"minecraft:black_candle":2,"minecraft:cooked_porkchop":1,"minecraft:dandelion":1,"minecraft:white_bed":4,"minecraft:mossy_cobblestone":6,"minecraft:diamond":1,"minecraft:stone_axe":5,"minecraft:soul_lantern":2,"minecraft:iron_helmet":2,"minecraft:emerald":5,"minecraft:bread":104,"minecraft:oak_sapling":4,"minecraft:coal":217,"minecraft:sunflower":6},"minecraft:crafted":{"minecraft:cooked_mutton":6,"minecraft:cooked_beef":2,"minecraft:iron_ingot":3},"minecraft:mined":{"minecraft:white_bed":1,"minecraft:mossy_cobblestone":3,"minecraft:glow_lichen":2,"minecraft:ladder":3,"minecraft:grass_block":2,"minecraft:hay_block":3,"minecraft:sculk_catalyst":1,"minecraft:carrots":5,"minecraft:iron_ore":35,"minecraft:fire":1,"minecraft:sculk_shrieker":2,"minecraft:potatoes":5,"minecraft:dirt_path":3,"minecraft:stone":450,"minecraft:white_wool":7,"minecraft:dandelion":1,"minecraft:soul_lantern":2,"minecraft:powder_snow":2,"minecraft:crafting_table":3,"minecraft:cornflower":3,"minecraft:emerald_ore":2,"minecraft:copper_ore":6,"minecraft:cobblestone":24,"minecraft:diorite":14,"minecraft:wall_torch":2,"minecraft:wheat":13,"minecraft:grass":33,"minecraft:oak_log":49,"minecraft:coal_ore":88,"minecraft:beetroots":2,"minecraft:sunflower":7,"minecraft:dirt":10,"minecraft:oak_leaves":6},"minecraft:killed_by":{"minecraft:player":11,"minecraft:creeper":1,"minecraft:iron_golem":1,"minecraft:skeleton":1},"minecraft:custom":{"minecraft:mob_kills":20,"minecraft:interact_with_crafting_table":4,"minecraft:open_barrel":1,"minecraft:leave_game":1,"minecraft:time_since_death":56142,"minecraft:climb_one_cm":10532,"minecraft:sprint_one_cm":288341,"minecraft:walk_one_cm":589231,"minecraft:drop":446,"minecraft:play_time":119367,"minecraft:deaths":15,"minecraft:walk_under_water_one_cm":2674,"minecraft:jump":2318,"minecraft:interact_with_blast_furnace":1,"minecraft:walk_on_water_one_cm":914,"minecraft:total_world_time":119367,"minecraft:interact_with_furnace":10,"minecraft:sleep_in_bed":5,"minecraft:time_since_rest":53146,"minecraft:damage_taken":4456,"minecraft:damage_dealt":4628,"minecraft:swim_one_cm":1047,"minecraft:fly_one_cm":99948,"minecraft:player_kills":2,"minecraft:open_chest":12,"minecraft:interact_with_smoker":1,"minecraft:fall_one_cm":50997},"minecraft:dropped":{"minecraft:iron_ingot":3,"minecraft:bread":55,"minecraft:porkchop":1,"minecraft:oak_log":11,"minecraft:mossy_cobblestone":3,"minecraft:diamond":1,"minecraft:crafting_table":2,"minecraft:iron_helmet":1,"minecraft:cobblestone":119,"minecraft:leather":6,"minecraft:coal":201,"minecraft:stick":5,"minecraft:emerald":2,"minecraft:black_candle":2,"minecraft:torch":16,"minecraft:cornflower":1,"minecraft:mutton":3,"minecraft:iron_leggings":1,"minecraft:oak_stairs":1,"minecraft:sunflower":1,"minecraft:iron_pickaxe":1,"minecraft:dandelion":1,"minecraft:furnace":1,"minecraft:stone_axe":1,"minecraft:soul_lantern":3,"minecraft:pointed_dripstone":2,"minecraft:raw_iron":31,"minecraft:beetroot":1,"minecraft:oak_planks":18,"minecraft:white_bed":1,"minecraft:carrot":10,"minecraft:diamond_sword":1,"minecraft:oak_sapling":3,"minecraft:diamond_boots":1,"minecraft:wooden_pickaxe":2}},"DataVersion":3120}