{"stats":{"minecraft:used":{"minecraft:wooden_axe":23,"minecraft:netherite_sword":9,"minecraft:stone_sword":4,"minecraft:diamond_boots":1,"minecraft:chicken":1,"minecraft:bread":3,"minecraft:diamond_leggings":1},"minecraft:picked_up":{"minecraft:wooden_axe":1,"minecraft:crafting_table":3,"minecraft:chicken":2,"minecraft:oak_log":19,"minecraft:dirt":1,"minecraft:stone_sword":1,"minecraft:diamond_leggings":1,"minecraft:wheat_seeds":2,"minecraft:netherite_sword":1,"minecraft:diamond_boots":1,"minecraft:bread":59,"minecraft:oak_planks":17,"minecraft:white_wool":5,"minecraft:egg":1,"minecraft:sunflower":2},"minecraft:mined":{"minecraft:hay_block":3,"minecraft:carrots":1,"minecraft:wheat":1,"minecraft:crafting_table":3,"minecraft:grass":5,"minecraft:grass_block":1,"minecraft:oak_log":19,"minecraft:sunflower":3,"minecraft:white_wool":7},"minecraft:killed_by":{"minecraft:player":2},"minecraft:custom":{"minecraft:time_since_rest":9069,"minecraft:sprint_one_cm":24638,"minecraft:damage_taken":523,"minecraft:walk_one_cm":162588,"minecraft:drop":2,"minecraft:damage_dealt":713,"minecraft:interact_with_crafting_table":3,"minecraft:fly_one_cm":5937,"minecraft:play_time":23428,"minecraft:deaths":3,"minecraft:walk_under_water_one_cm":1011,"minecraft:jump":342,"minecraft:time_since_death":16270,"minecraft:walk_on_water_one_cm":595,"minecraft:sleep_in_bed":1,"minecraft:total_world_time":23428,"minecraft:climb_one_cm":1332,"minecraft:fall_one_cm":5538},"minecraft:dropped":{"minecraft:oak_log":2}},"DataVersion":3120}