{"stat.chestOpened":6,"stat.walkOneCm":97782,"stat.useItem.minecraft.torch":13,"stat.pickup.cgm.basic_ammo":32,"stat.leaveGame":3,"stat.pickup.minecraft.gravel":22,"stat.pickup.minecraft.stone_pickaxe":1,"stat.furnaceInteraction":5,"stat.pickup.minecraft.flint":3,"stat.pickup.minecraft.iron_shovel":1,"stat.pickup.cgm.handgun":1,"stat.mineBlock.minecraft.coal_ore":39,"stat.jump":403,"stat.swimOneCm":947,"stat.pickup.minecraft.coal":44,"stat.fallOneCm":4586,"stat.pickup.minecraft.stone":140,"stat.crouchOneCm":1598,"stat.pickup.minecraft.dirt":24,"stat.useItem.minecraft.dirt":21,"stat.sprintOneCm":44236,"stat.useItem.supertools.hammerstone":134,"stat.useItem.minecraft.stone_slab2":4,"stat.pickup.minecraft.cooked_beef":8,"stat.pickup.minecraft.iron_boots":1,"stat.pickup.minecraft.iron_ore":2,"stat.pickup.minecraft.rotten_flesh":5,"stat.damageTaken":580,"stat.mineBlock.minecraft.torch":8,"stat.pickup.minecraft.cobblestone":874,"stat.mobKills":3,"stat.drop.cgm.basic_ammo":32,"stat.pickup.minecraft.iron_leggings":1,"stat.flyOneCm":44686,"stat.drop":32,"stat.mineBlock.minecraft.leaves":1,"stat.pickup.supertools.hammerstone":1,"stat.playOneMinute":24316,"stat.pickup.minecraft.torch":58,"stat.mineBlock.minecraft.gravel":34,"stat.useItem.minecraft.stone_pickaxe":23,"stat.useItem.minecraft.cooked_beef":7,"stat.sneakTime":353,"stat.damageDealt":533,"stat.mineBlock.minecraft.iron_ore":2,"stat.killEntity.Zombie":2,"stat.timeSinceDeath":24316,"stat.mineBlock.minecraft.dirt":22,"stat.mineBlock.minecraft.stone":1117,"stat.diveOneCm":695,"stat.useItem.minecraft.iron_shovel":54}