{"stat.chestOpened":9,"stat.walkOneCm":144829,"stat.useItem.minecraft.torch":13,"stat.pickup.cgm.basic_ammo":82,"stat.useItem.minecraft.stone":11,"stat.pickup.minecraft.iron_nugget":13,"stat.leaveGame":3,"stat.pickup.minecraft.gravel":36,"stat.pickup.minecraft.arrow":1,"stat.pickup.minecraft.iron_sword":1,"stat.pickup.minecraft.stone_pickaxe":1,"stat.furnaceInteraction":11,"stat.pickup.minecraft.flint":5,"stat.pickup.minecraft.stone_axe":1,"stat.pickup.minecraft.iron_shovel":2,"stat.pickup.cgm.handgun":1,"stat.mineBlock.minecraft.coal_ore":39,"stat.mineBlock.srparasites.gore":16,"stat.pickup.minecraft.shield":1,"stat.pickup.minecraft.log":21,"stat.jump":582,"stat.swimOneCm":3607,"stat.pickup.minecraft.fence":122,"stat.useItem.minecraft.wooden_hoe":8,"stat.pickup.minecraft.coal":44,"stat.fallOneCm":7277,"stat.pickup.minecraft.iron_pickaxe":1,"stat.pickup.minecraft.stone":206,"stat.pickup.minecraft.gunpowder":60,"stat.crouchOneCm":3192,"stat.pickup.minecraft.chicken":1,"stat.pickup.minecraft.spider_eye":2,"stat.pickup.minecraft.dirt":25,"stat.useItem.minecraft.dirt":24,"stat.sprintOneCm":82656,"stat.useItem.supertools.hammerstone":134,"stat.useItem.minecraft.stone_slab2":5,"stat.pickup.minecraft.iron_chestplate":1,"stat.pickup.minecraft.cooked_beef":8,"stat.pickup.cgm.assault_rifle":1,"stat.pickup.minecraft.iron_boots":2,"stat.craftItem.minecraft.stick":12,"stat.pickup.minecraft.iron_ore":2,"stat.craftingTableInteraction":2,"stat.pickup.minecraft.rotten_flesh":5,"stat.pickup.minecraft.sand":4,"stat.craftItem.minecraft.planks":84,"stat.useItem.minecraft.wheat_seeds":6,"stat.damageTaken":1238,"stat.pickup.minecraft.feather":2,"stat.pickup.minecraft.leather":6,"stat.mineBlock.minecraft.torch":8,"stat.pickup.minecraft.cobblestone":1189,"stat.mobKills":6,"stat.pickup.srparasites.assimilated_flesh":1,"stat.drop.cgm.basic_ammo":32,"stat.pickup.minecraft.iron_leggings":4,"stat.flyOneCm":74393,"stat.deaths":2,"stat.drop":32,"stat.mineBlock.minecraft.leaves":1,"stat.pickup.minecraft.egg":4,"stat.pickup.supertools.hammerstone":1,"stat.playOneMinute":36916,"stat.pickup.minecraft.torch":58,"stat.mineBlock.minecraft.gravel":34,"stat.useItem.minecraft.stone_pickaxe":23,"stat.useItem.minecraft.cooked_beef":7,"stat.craftItem.minecraft.wooden_hoe":1,"stat.sneakTime":743,"stat.damageDealt":561,"stat.pickup.minecraft.redstone":26,"stat.mineBlock.minecraft.iron_ore":2,"stat.killEntity.Zombie":2,"stat.timeSinceDeath":9455,"stat.mineBlock.minecraft.dirt":23,"stat.mineBlock.minecraft.stone":1117,"stat.diveOneCm":695,"stat.useItem.minecraft.iron_shovel":54}