{"stat.leaveGame":12,"stat.mineBlock.minecraft.cobblestone":30,"stat.pickup.minecraft.stone_pickaxe":1,"stat.pickup.minecraft.flint":5,"stat.useItem.srparasites.weapon_bow":1,"stat.mineBlock.srparasites.gore":16,"stat.pickup.herobrine.cursed_diamond_helmet":1,"stat.swimOneCm":15692,"stat.drop.herobrine.bedrock_sword":1,"stat.useItem.minecraft.dirt":28,"stat.useItem.minecraft.stone_slab2":7,"stat.pickup.minecraft.iron_boots":2,"stat.pickup.minecraft.rotten_flesh":8,"stat.pickup.minecraft.sand":4,"stat.pickup.minecraft.cobblestone":1358,"stat.drop.minecraft.fence":6,"stat.useItem.supertools.hammeriron":10,"stat.flyOneCm":202561,"stat.drop.minecraft.wheat_seeds":3,"stat.useItem.minecraft.cooked_beef":22,"stat.craftItem.minecraft.wooden_hoe":1,"stat.pickup.minecraft.redstone":26,"stat.mineBlock.minecraft.iron_ore":2,"stat.timeSinceDeath":84500,"stat.useItem.minecraft.iron_shovel":54,"stat.pickup.cgm.basic_ammo":82,"stat.furnaceInteraction":11,"stat.pickup.minecraft.iron_shovel":2,"stat.mineBlock.minecraft.coal_ore":39,"stat.pickup.srparasites.lurecomponent1":2,"stat.pickup.minecraft.shield":1,"stat.pickup.minecraft.string":1,"stat.sprintOneCm":185915,"stat.pickup.minecraft.iron_chestplate":1,"stat.craftItem.minecraft.stick":12,"stat.useItem.minecraft.wheat_seeds":6,"stat.deaths":2,"stat.drop":104,"stat.pickup.minecraft.egg":4,"stat.playOneMinute":111961,"stat.drop.minecraft.string":1,"stat.killEntity.Zombie":3,"stat.diveOneCm":5830,"stat.chestOpened":10,"stat.drop.wolfarmor.diamond_wolf_armor":1,"stat.useItem.minecraft.stone":17,"stat.pickup.minecraft.gravel":36,"stat.pickup.minecraft.arrow":3,"stat.pickup.minecraft.iron_sword":1,"stat.drop.minecraft.cooked_beef":34,"stat.pickup.minecraft.stone_axe":1,"stat.jump":1343,"stat.pickup.minecraft.fence":122,"stat.useItem.minecraft.wooden_hoe":14,"stat.pickup.minecraft.coal":44,"stat.fallOneCm":19495,"stat.drop.minecraft.stone":14,"stat.pickup.minecraft.gunpowder":60,"stat.crouchOneCm":3753,"stat.pickup.minecraft.spider_eye":2,"stat.pickup.minecraft.dirt":35,"stat.pickup.cgm.assault_rifle":1,"stat.useItem.minecraft.cooked_chicken":8,"stat.pickup.minecraft.iron_ore":2,"stat.craftingTableInteraction":2,"stat.damageTaken":3073,"stat.pickup.minecraft.feather":2,"stat.pickup.minecraft.leather":6,"stat.mineBlock.minecraft.torch":8,"stat.pickup.srparasites.assimilated_flesh":5,"stat.pickup.minecraft.iron_leggings":6,"stat.pickup.minecraft.wheat_seeds":4,"stat.pickup.minecraft.oak_stairs":1,"stat.drop.cgm.rifle":1,"stat.mineBlock.minecraft.gravel":34,"stat.useItem.minecraft.stone_pickaxe":23,"stat.damageDealt":745,"stat.mineBlock.minecraft.dirt":23,"stat.drop.minecraft.reeds":9,"stat.walkOneCm":310596,"stat.useItem.minecraft.torch":13,"stat.pickup.minecraft.iron_nugget":13,"stat.pickup.herobrine.cursed_diamond_boots":1,"stat.useItem.minecraft.cobblestone":41,"stat.pickup.cgm.handgun":1,"stat.pickup.minecraft.log":21,"stat.pickup.minecraft.iron_pickaxe":1,"stat.pickup.minecraft.stone":266,"stat.drop.supertools.hammeriron":1,"stat.pickup.minecraft.chicken":1,"stat.drop.minecraft.diamond_leggings":1,"stat.useItem.supertools.hammerstone":134,"stat.pickup.minecraft.cooked_beef":8,"stat.killEntity.Skeleton":1,"stat.craftItem.minecraft.planks":84,"stat.killEntity.Spider":2,"stat.mobKills":15,"stat.drop.cgm.basic_ammo":32,"stat.useItem.minecraft.golden_apple":9,"stat.mineBlock.minecraft.leaves":1,"stat.pickup.supertools.hammerstone":1,"stat.pickup.minecraft.torch":60,"stat.pickup.minecraft.red_flower":1,"stat.sneakTime":912,"stat.useItem.herobrine.bedrock_sword":6,"stat.mineBlock.minecraft.stone":1132}