{"stat.chestOpened":1,"stat.pickup.minecraft.rotten_flesh":3,"stat.walkOneCm":57325,"stat.useItem.minecraft.torch":8,"stat.leaveGame":3,"stat.damageTaken":482,"stat.pickup.minecraft.stone_pickaxe":1,"stat.furnaceInteraction":2,"stat.mineBlock.minecraft.torch":4,"stat.pickup.minecraft.iron_shovel":1,"stat.mobKills":2,"stat.pickup.minecraft.cobblestone":381,"stat.mineBlock.minecraft.coal_ore":28,"stat.pickup.minecraft.iron_leggings":1,"stat.flyOneCm":16520,"stat.jump":209,"stat.mineBlock.minecraft.leaves":1,"stat.swimOneCm":947,"stat.pickup.supertools.hammerstone":1,"stat.playOneMinute":12616,"stat.pickup.minecraft.coal":27,"stat.fallOneCm":3841,"stat.pickup.minecraft.torch":13,"stat.useItem.minecraft.stone_pickaxe":21,"stat.useItem.minecraft.cooked_beef":5,"stat.sneakTime":32,"stat.damageDealt":324,"stat.pickup.minecraft.stone":46,"stat.crouchOneCm":139,"stat.killEntity.Zombie":1,"stat.timeSinceDeath":12616,"stat.pickup.minecraft.dirt":21,"stat.sprintOneCm":22373,"stat.mineBlock.minecraft.dirt":21,"stat.useItem.supertools.hammerstone":57,"stat.mineBlock.minecraft.stone":457,"stat.pickup.minecraft.cooked_beef":8,"stat.diveOneCm":695,"stat.pickup.minecraft.iron_boots":1,"stat.useItem.minecraft.iron_shovel":22}