{"stats":{"minecraft:killed":{"minecraft:spider":1,"minecraft:skeleton":5,"minecraft:chicken":5,"minecraft:wolf":2,"minecraft:pig":17,"minecraft:iron_golem":1,"minecraft:sheep":19,"minecraft:zombie":18,"minecraft:cow":1},"minecraft:broken":{"minecraft:stone_pickaxe":4,"minecraft:iron_sword":1,"minecraft:iron_pickaxe":4,"minecraft:golden_pickaxe":2},"minecraft:used":{"minecraft:stone_sword":38,"minecraft:flint_and_steel":32,"minecraft:diamond_hoe":254,"minecraft:chest":4,"minecraft:shield":10,"minecraft:stone":2,"minecraft:iron_sword":364,"minecraft:sculk":18,"minecraft:sculk_sensor":2,"minecraft:torch":104,"minecraft:dirt":46,"minecraft:carrot":15,"minecraft:tuff":8,"minecraft:obsidian":3,"minecraft:iron_boots":3,"minecraft:light_gray_wool":1,"minecraft:furnace":19,"minecraft:potato":21,"minecraft:cooked_beef":11,"minecraft:cobbled_deepslate":128,"minecraft:enchanted_golden_apple":1,"minecraft:light_gray_bed":3,"minecraft:iron_leggings":1,"minecraft:cooked_mutton":9,"minecraft:water_bucket":3,"minecraft:diamond_boots":1,"minecraft:oak_planks":23,"minecraft:stone_pickaxe":599,"minecraft:wooden_pickaxe":30,"minecraft:mossy_cobblestone":1,"minecraft:crafting_table":7,"minecraft:white_bed":3,"minecraft:dripstone_block":3,"minecraft:black_wool":1,"minecraft:apple":1,"minecraft:diamond_shovel":29,"minecraft:bread":19,"minecraft:iron_pickaxe":1230,"minecraft:gravel":13,"minecraft:stone_axe":37,"minecraft:wooden_sword":22,"minecraft:cobblestone":156,"minecraft:potion":2,"minecraft:porkchop":3,"minecraft:cooked_porkchop":12,"minecraft:bucket":6,"minecraft:yellow_bed":3,"minecraft:diamond_leggings":1,"minecraft:golden_pickaxe":64,"minecraft:smooth_stone":37,"minecraft:experience_bottle":1},"minecraft:picked_up":{"minecraft:wooden_axe":1,"minecraft:iron_chestplate":2,"minecraft:crafting_table":8,"minecraft:wheat":49,"minecraft:chicken":5,"minecraft:ladder":4,"minecraft:diamond_sword":5,"minecraft:wooden_pickaxe":4,"minecraft:shield":7,"minecraft:string":12,"minecraft:raw_copper":102,"minecraft:iron_axe":2,"minecraft:wooden_sword":5,"minecraft:sculk_shrieker":3,"minecraft:cobbled_deepslate":594,"minecraft:smooth_stone":37,"minecraft:bucket":1,"minecraft:echo_shard":2,"minecraft:beef":3,"minecraft:rose_bush":1,"minecraft:ender_eye":1,"minecraft:iron_pickaxe":4,"minecraft:light_gray_wool":2,"minecraft:tinted_glass":3,"minecraft:chest":2,"minecraft:furnace":9,"minecraft:iron_boots":5,"minecraft:egg":1,"minecraft:stick":20,"minecraft:raw_iron":71,"minecraft:stone":4,"minecraft:torch":92,"minecraft:porkchop":49,"minecraft:pointed_dripstone":62,"minecraft:diorite":146,"minecraft:carrot":40,"minecraft:rotten_flesh":31,"minecraft:stone_sword":2,"minecraft:arrow":33,"minecraft:light_gray_bed":11,"minecraft:mutton":24,"minecraft:snowball":8,"minecraft:white_wool":41,"minecraft:cobblestone":1350,"minecraft:birch_log":13,"minecraft:magma_block":1,"minecraft:lilac":1,"minecraft:feather":6,"minecraft:cooked_beef":9,"minecraft:andesite":104,"minecraft:brown_wool":1,"minecraft:potato":39,"minecraft:flint":4,"minecraft:tuff":32,"minecraft:oak_log":42,"minecraft:yellow_bed":7,"minecraft:gunpowder":6,"minecraft:sculk_vein":44,"minecraft:dirt":73,"minecraft:leather_boots":1,"minecraft:cooked_mutton":19,"minecraft:bone":10,"minecraft:apple":1,"minecraft:bow":1,"minecraft:wheat_seeds":88,"minecraft:stone_pickaxe":5,"minecraft:iron_ingot":14,"minecraft:cobweb":4,"minecraft:iron_sword":3,"minecraft:oak_planks":376,"minecraft:sculk_catalyst":1,"minecraft:cooked_porkchop":8,"minecraft:sculk":121,"minecraft:poisonous_potato":4,"minecraft:dripstone_block":11,"minecraft:gravel":46,"minecraft:ink_sac":3,"minecraft:white_bed":6,"minecraft:mossy_cobblestone":3,"minecraft:sculk_sensor":11,"minecraft:diamond":1,"minecraft:stone_axe":6,"minecraft:chainmail_leggings":2,"minecraft:iron_helmet":1,"minecraft:granite":25,"minecraft:diamond_axe":1,"minecraft:gray_wool":1,"minecraft:golden_horse_armor":2,"minecraft:emerald":20,"minecraft:bread":84,"minecraft:oak_sapling":7,"minecraft:netherrack":11,"minecraft:black_wool":1,"minecraft:coal":102,"minecraft:sunflower":14},"minecraft:crafted":{"minecraft:wooden_sword":1,"minecraft:oak_planks":112,"minecraft:cooked_chicken":4,"minecraft:furnace":10,"minecraft:flint_and_steel":1,"minecraft:iron_boots":1,"minecraft:stone_pickaxe":7,"minecraft:chest":2,"minecraft:cooked_beef":3,"minecraft:cooked_porkchop":20,"minecraft:crafting_table":3,"minecraft:wooden_pickaxe":1,"minecraft:iron_helmet":1,"minecraft:iron_sword":1,"minecraft:birch_planks":36,"minecraft:bucket":2,"minecraft:stone_axe":1,"minecraft:iron_chestplate":1,"minecraft:shield":1,"minecraft:stick":44,"minecraft:iron_ingot":37,"minecraft:iron_pickaxe":4,"minecraft:stone_sword":1,"minecraft:torch":48},"minecraft:mined":{"minecraft:tuff":28,"minecraft:white_bed":2,"minecraft:sculk_vein":59,"minecraft:granite":32,"minecraft:grass_block":8,"minecraft:light_gray_bed":9,"minecraft:smooth_stone":39,"minecraft:magma_block":1,"minecraft:sculk_catalyst":3,"minecraft:furnace":9,"minecraft:iron_ore":44,"minecraft:cobbled_deepslate":7,"minecraft:fire":3,"minecraft:andesite":85,"minecraft:sculk_shrieker":7,"minecraft:dirt_path":5,"minecraft:pointed_dripstone":11,"minecraft:deepslate_iron_ore":5,"minecraft:stone":1025,"minecraft:white_wool":25,"minecraft:snow_block":2,"minecraft:soul_fire":13,"minecraft:powder_snow":28,"minecraft:crafting_table":4,"minecraft:torch":2,"minecraft:chest":1,"minecraft:rose_bush":1,"minecraft:sculk_sensor":26,"minecraft:tall_grass":18,"minecraft:copper_ore":10,"minecraft:cobblestone":14,"minecraft:sculk":216,"minecraft:diorite":37,"minecraft:wall_torch":8,"minecraft:seagrass":1,"minecraft:tinted_glass":1,"minecraft:birch_log":9,"minecraft:lilac":1,"minecraft:yellow_bed":3,"minecraft:grass":92,"minecraft:oak_log":31,"minecraft:coal_ore":32,"minecraft:sunflower":8,"minecraft:gravel":25,"minecraft:dripstone_block":4,"minecraft:dirt":35,"minecraft:netherrack":14,"minecraft:oak_leaves":9,"minecraft:deepslate":443},"minecraft:killed_by":{"minecraft:player":7,"minecraft:iron_golem":1,"minecraft:warden":8,"minecraft:zombie":1},"minecraft:custom":{"minecraft:mob_kills":70,"minecraft:interact_with_crafting_table":29,"minecraft:open_barrel":1,"minecraft:leave_game":3,"minecraft:time_since_death":13175,"minecraft:climb_one_cm":8492,"minecraft:damage_resisted":108,"minecraft:sprint_one_cm":765927,"minecraft:walk_one_cm":808735,"minecraft:damage_blocked_by_shield":295,"minecraft:drop":71,"minecraft:talked_to_villager":7,"minecraft:play_time":292090,"minecraft:sneak_time":14420,"minecraft:deaths":23,"minecraft:walk_under_water_one_cm":119114,"minecraft:jump":6298,"minecraft:interact_with_brewingstand":3,"minecraft:walk_on_water_one_cm":39978,"minecraft:total_world_time":292090,"minecraft:interact_with_furnace":41,"minecraft:interact_with_stonecutter":1,"minecraft:sleep_in_bed":8,"minecraft:time_since_rest":13202,"minecraft:open_enderchest":4,"minecraft:damage_taken":9676,"minecraft:damage_absorbed":160,"minecraft:damage_dealt":5927,"minecraft:swim_one_cm":168494,"minecraft:player_kills":1,"minecraft:fly_one_cm":913738,"minecraft:open_chest":44,"minecraft:crouch_one_cm":38140,"minecraft:fall_one_cm":203872},"minecraft:dropped":{"minecraft:water_bucket":1,"minecraft:bread":1,"minecraft:iron_ingot":8,"minecraft:iron_sword":1,"minecraft:porkchop":12,"minecraft:birch_planks":13,"minecraft:wheat_seeds":6,"minecraft:cooked_porkchop":10,"minecraft:poisonous_potato":2,"minecraft:cobblestone":64,"minecraft:granite":2,"minecraft:emerald":8,"minecraft:cobweb":2,"minecraft:ink_sac":1,"minecraft:mutton":15,"minecraft:sunflower":11,"minecraft:iron_pickaxe":1,"minecraft:chainmail_leggings":1,"minecraft:bone":4,"minecraft:cooked_chicken":4,"minecraft:cobbled_deepslate":1,"minecraft:wheat":15,"minecraft:oak_planks":46,"minecraft:cooked_mutton":2,"minecraft:shield":1,"minecraft:gunpowder":3,"minecraft:oak_sapling":3,"minecraft:stone_pickaxe":1,"minecraft:beef":3,"minecraft:arrow":6,"minecraft:egg":1}},"DataVersion":3120}