{"stats":{"minecraft:killed":{"minecraft:pig":9,"minecraft:zombie":2},"minecraft:used":{"minecraft:stone_sword":20,"minecraft:stone_pickaxe":516,"minecraft:shield":1,"minecraft:chest":1,"minecraft:wooden_pickaxe":11,"minecraft:iron_sword":104,"minecraft:torch":40,"minecraft:dirt":17,"minecraft:crafting_table":3,"minecraft:dripstone_block":1,"minecraft:stone_axe":34,"minecraft:light_gray_wool":1,"minecraft:cobblestone":38,"minecraft:furnace":8,"minecraft:cooked_porkchop":4,"minecraft:light_gray_bed":3,"minecraft:smooth_stone":37},"minecraft:broken":{"minecraft:stone_pickaxe":3},"minecraft:picked_up":{"minecraft:wooden_axe":1,"minecraft:birch_log":13,"minecraft:crafting_table":3,"minecraft:lilac":1,"minecraft:chicken":1,"minecraft:ladder":2,"minecraft:andesite":50,"minecraft:wooden_pickaxe":2,"minecraft:flint":4,"minecraft:oak_log":42,"minecraft:gunpowder":6,"minecraft:dirt":37,"minecraft:raw_copper":40,"minecraft:wooden_sword":2,"minecraft:bone":2,"minecraft:wheat_seeds":8,"minecraft:smooth_stone":37,"minecraft:stone_pickaxe":2,"minecraft:cobweb":4,"minecraft:rose_bush":1,"minecraft:light_gray_wool":1,"minecraft:chest":1,"minecraft:oak_planks":44,"minecraft:furnace":8,"minecraft:stick":20,"minecraft:raw_iron":28,"minecraft:torch":18,"minecraft:poisonous_potato":4,"minecraft:dripstone_block":5,"minecraft:gravel":10,"minecraft:porkchop":20,"minecraft:pointed_dripstone":44,"minecraft:ink_sac":3,"minecraft:diorite":58,"minecraft:white_bed":1,"minecraft:stone_sword":2,"minecraft:light_gray_bed":11,"minecraft:stone_axe":1,"minecraft:oak_sapling":6,"minecraft:coal":25,"minecraft:white_wool":25,"minecraft:cobblestone":474,"minecraft:sunflower":7},"minecraft:crafted":{"minecraft:wooden_sword":1,"minecraft:oak_planks":112,"minecraft:cooked_porkchop":4,"minecraft:crafting_table":1,"minecraft:wooden_pickaxe":1,"minecraft:iron_helmet":1,"minecraft:iron_sword":1,"minecraft:furnace":8,"minecraft:birch_planks":20,"minecraft:stone_axe":1,"minecraft:iron_boots":1,"minecraft:iron_chestplate":1,"minecraft:shield":1,"minecraft:stick":44,"minecraft:iron_ingot":28,"minecraft:stone_pickaxe":4,"minecraft:stone_sword":1,"minecraft:torch":48},"minecraft:mined":{"minecraft:crafting_table":3,"minecraft:grass_block":5,"minecraft:rose_bush":1,"minecraft:light_gray_bed":9,"minecraft:tall_grass":11,"minecraft:copper_ore":5,"minecraft:cobblestone":5,"minecraft:diorite":26,"minecraft:wall_torch":2,"minecraft:seagrass":1,"minecraft:smooth_stone":39,"minecraft:furnace":8,"minecraft:birch_log":9,"minecraft:iron_ore":28,"minecraft:lilac":1,"minecraft:andesite":42,"minecraft:grass":31,"minecraft:pointed_dripstone":10,"minecraft:oak_log":31,"minecraft:coal_ore":25,"minecraft:sunflower":6,"minecraft:gravel":7,"minecraft:dripstone_block":2,"minecraft:dirt":21,"minecraft:stone":314,"minecraft:white_wool":25,"minecraft:oak_leaves":3},"minecraft:killed_by":{"minecraft:player":5,"minecraft:zombie":1},"minecraft:custom":{"minecraft:interact_with_furnace":12,"minecraft:mob_kills":11,"minecraft:interact_with_crafting_table":17,"minecraft:time_since_death":13128,"minecraft:sleep_in_bed":3,"minecraft:climb_one_cm":144,"minecraft:time_since_rest":13151,"minecraft:sprint_one_cm":108088,"minecraft:damage_taken":2615,"minecraft:walk_one_cm":214808,"minecraft:damage_blocked_by_shield":25,"minecraft:drop":2,"minecraft:damage_dealt":1400,"minecraft:swim_one_cm":76485,"minecraft:fly_one_cm":160886,"minecraft:player_kills":1,"minecraft:open_chest":6,"minecraft:crouch_one_cm":3304,"minecraft:play_time":67658,"minecraft:deaths":9,"minecraft:sneak_time":628,"minecraft:walk_under_water_one_cm":26908,"minecraft:jump":1509,"minecraft:walk_on_water_one_cm":19707,"minecraft:total_world_time":67658,"minecraft:fall_one_cm":49828},"minecraft:dropped":{"minecraft:ink_sac":1,"minecraft:oak_sapling":1}},"DataVersion":3120}