{"stats":{"minecraft:killed":{"minecraft:pig":12,"minecraft:spider":1,"minecraft:sheep":7,"minecraft:skeleton":5,"minecraft:zombie":3,"minecraft:chicken":4},"minecraft:used":{"minecraft:stone_sword":20,"minecraft:flint_and_steel":32,"minecraft:stone_pickaxe":599,"minecraft:shield":10,"minecraft:chest":3,"minecraft:wooden_pickaxe":11,"minecraft:iron_sword":245,"minecraft:torch":81,"minecraft:dirt":17,"minecraft:crafting_table":5,"minecraft:white_bed":2,"minecraft:dripstone_block":1,"minecraft:obsidian":3,"minecraft:black_wool":1,"minecraft:iron_pickaxe":600,"minecraft:stone_axe":34,"minecraft:light_gray_wool":1,"minecraft:cobblestone":118,"minecraft:porkchop":2,"minecraft:furnace":17,"minecraft:cooked_porkchop":10,"minecraft:golden_pickaxe":64,"minecraft:cooked_beef":9,"minecraft:light_gray_bed":3,"minecraft:smooth_stone":37},"minecraft:broken":{"minecraft:stone_pickaxe":4,"minecraft:iron_pickaxe":2,"minecraft:golden_pickaxe":2},"minecraft:picked_up":{"minecraft:wooden_axe":1,"minecraft:birch_log":13,"minecraft:cooked_beef":6,"minecraft:magma_block":1,"minecraft:crafting_table":4,"minecraft:feather":4,"minecraft:lilac":1,"minecraft:chicken":5,"minecraft:ladder":2,"minecraft:andesite":74,"minecraft:wooden_pickaxe":2,"minecraft:flint":4,"minecraft:oak_log":42,"minecraft:shield":1,"minecraft:gunpowder":6,"minecraft:dirt":44,"minecraft:raw_copper":54,"minecraft:wooden_sword":2,"minecraft:bone":6,"minecraft:wheat_seeds":11,"minecraft:smooth_stone":37,"minecraft:iron_ingot":1,"minecraft:stone_pickaxe":2,"minecraft:cobweb":4,"minecraft:rose_bush":1,"minecraft:iron_pickaxe":1,"minecraft:light_gray_wool":1,"minecraft:chest":1,"minecraft:iron_sword":1,"minecraft:oak_planks":44,"minecraft:egg":1,"minecraft:furnace":9,"minecraft:stick":20,"minecraft:raw_iron":44,"minecraft:torch":51,"minecraft:poisonous_potato":4,"minecraft:dripstone_block":5,"minecraft:gravel":13,"minecraft:porkchop":27,"minecraft:pointed_dripstone":44,"minecraft:ink_sac":3,"minecraft:diorite":72,"minecraft:white_bed":2,"minecraft:stone_sword":2,"minecraft:arrow":6,"minecraft:light_gray_bed":11,"minecraft:stone_axe":1,"minecraft:granite":2,"minecraft:netherrack":11,"minecraft:mutton":9,"minecraft:black_wool":1,"minecraft:oak_sapling":6,"minecraft:coal":60,"minecraft:white_wool":32,"minecraft:cobblestone":1127,"minecraft:sunflower":13},"minecraft:crafted":{"minecraft:wooden_sword":1,"minecraft:oak_planks":112,"minecraft:cooked_porkchop":20,"minecraft:crafting_table":3,"minecraft:cooked_chicken":4,"minecraft:wooden_pickaxe":1,"minecraft:iron_helmet":1,"minecraft:iron_sword":1,"minecraft:furnace":8,"minecraft:birch_planks":36,"minecraft:stone_axe":1,"minecraft:flint_and_steel":1,"minecraft:iron_boots":1,"minecraft:iron_chestplate":1,"minecraft:shield":1,"minecraft:stick":44,"minecraft:iron_ingot":28,"minecraft:stone_pickaxe":7,"minecraft:stone_sword":1,"minecraft:chest":2,"minecraft:torch":48,"minecraft:cooked_beef":3},"minecraft:mined":{"minecraft:white_bed":1,"minecraft:crafting_table":4,"minecraft:granite":13,"minecraft:grass_block":7,"minecraft:rose_bush":1,"minecraft:light_gray_bed":9,"minecraft:tall_grass":12,"minecraft:copper_ore":10,"minecraft:cobblestone":12,"minecraft:diorite":37,"minecraft:wall_torch":5,"minecraft:seagrass":1,"minecraft:smooth_stone":39,"minecraft:magma_block":1,"minecraft:furnace":9,"minecraft:birch_log":9,"minecraft:iron_ore":37,"minecraft:fire":3,"minecraft:lilac":1,"minecraft:andesite":62,"minecraft:grass":65,"minecraft:pointed_dripstone":10,"minecraft:oak_log":31,"minecraft:coal_ore":32,"minecraft:sunflower":6,"minecraft:gravel":10,"minecraft:dripstone_block":2,"minecraft:dirt":26,"minecraft:deepslate":4,"minecraft:stone":946,"minecraft:netherrack":14,"minecraft:white_wool":25,"minecraft:oak_leaves":3},"minecraft:killed_by":{"minecraft:player":5,"minecraft:zombie":1},"minecraft:custom":{"minecraft:interact_with_furnace":32,"minecraft:mob_kills":34,"minecraft:interact_with_crafting_table":23,"minecraft:time_since_death":79128,"minecraft:sleep_in_bed":4,"minecraft:climb_one_cm":2268,"minecraft:time_since_rest":61161,"minecraft:sprint_one_cm":276932,"minecraft:damage_taken":3833,"minecraft:walk_one_cm":367387,"minecraft:damage_blocked_by_shield":295,"minecraft:drop":34,"minecraft:damage_dealt":3692,"minecraft:swim_one_cm":84632,"minecraft:fly_one_cm":371105,"minecraft:player_kills":1,"minecraft:open_chest":15,"minecraft:crouch_one_cm":3928,"minecraft:play_time":133658,"minecraft:deaths":9,"minecraft:sneak_time":965,"minecraft:walk_under_water_one_cm":30080,"minecraft:jump":2860,"minecraft:interact_with_brewingstand":3,"minecraft:walk_on_water_one_cm":21498,"minecraft:total_world_time":133658,"minecraft:fall_one_cm":92297},"minecraft:dropped":{"minecraft:iron_ingot":8,"minecraft:iron_sword":1,"minecraft:birch_planks":13,"minecraft:wheat_seeds":6,"minecraft:cooked_chicken":4,"minecraft:cooked_porkchop":10,"minecraft:poisonous_potato":2,"minecraft:oak_planks":46,"minecraft:granite":2,"minecraft:cobweb":2,"minecraft:shield":1,"minecraft:gunpowder":3,"minecraft:ink_sac":1,"minecraft:oak_sapling":3,"minecraft:sunflower":11,"minecraft:stone_pickaxe":1,"minecraft:egg":1,"minecraft:bone":4}},"DataVersion":3120}