{"stat.chestOpened":17,"stat.pickup.minecraft.bone":7,"stat.useItem.minecraft.stone":1,"stat.leaveGame":4,"stat.pickup.minecraft.gravel":34,"stat.pickup.minecraft.arrow":4,"stat.mineBlock.minecraft.cobblestone":13,"stat.useItem.minecraft.chicken":1,"stat.pickup.minecraft.stone_pickaxe":1,"stat.pickup.minecraft.stone_axe":1,"stat.pickup.minecraft.flint":2,"stat.jump":1143,"stat.swimOneCm":43621,"stat.useItem.minecraft.sand":1,"stat.pickup.minecraft.iron_helmet":1,"stat.fallOneCm":18754,"stat.useItem.minecraft.planks":85,"stat.pickup.minecraft.iron_ingot":3,"stat.useItem.minecraft.stone_axe":93,"stat.drop.minecraft.stone_sword":1,"stat.crouchOneCm":841,"stat.pickup.minecraft.glass":4,"stat.craftItem.minecraft.iron_ingot":23,"stat.pickup.minecraft.dirt":91,"stat.useItem.minecraft.dirt":46,"stat.useItem.minecraft.stone_slab2":38,"stat.pickup.minecraft.iron_boots":1,"stat.useItem.minecraft.cooked_chicken":1,"stat.craftingTableInteraction":17,"stat.pickup.minecraft.iron_ore":16,"stat.pickup.minecraft.rotten_flesh":18,"stat.pickup.minecraft.sand":248,"stat.useItem.minecraft.glass":35,"stat.damageTaken":1475,"stat.pickup.minecraft.leather":17,"stat.drop.minecraft.bone":2,"stat.mineBlock.minecraft.red_flower":1,"stat.craftItem.minecraft.cooked_beef":36,"stat.pickup.minecraft.cobblestone":328,"stat.pickup.minecraft.planks":79,"stat.useItem.minecraft.stone_shovel":227,"stat.flyOneCm":134790,"stat.craftItem.minecraft.iron_shovel":1,"stat.pickup.minecraft.wheat_seeds":17,"stat.mineBlock.minecraft.sand":244,"stat.entityKilledBy.Zombie":1,"stat.mineBlock.minecraft.gravel":34,"stat.useItem.minecraft.stone_pickaxe":132,"stat.useItem.minecraft.cooked_beef":11,"stat.mineBlock.minecraft.glass":3,"stat.useItem.minecraft.stone_sword":122,"stat.damageDealt":2664,"stat.craftItem.minecraft.glass":51,"stat.mineBlock.minecraft.iron_ore":8,"stat.timeSinceDeath":54837,"stat.killEntity.Cow":8,"stat.mineBlock.minecraft.dirt":95,"stat.useItem.minecraft.iron_pickaxe":230,"stat.craftItem.minecraft.wooden_pickaxe":1,"stat.drop.minecraft.stick":6,"stat.craftItem.minecraft.stone_shovel":2,"stat.walkOneCm":293005,"stat.useItem.minecraft.torch":2,"stat.pickup.minecraft.stick":17,"stat.pickup.minecraft.crafting_table":1,"stat.pickup.minecraft.wooden_shovel":2,"stat.useItem.minecraft.cobblestone":73,"stat.furnaceInteraction":55,"stat.craftItem.minecraft.crafting_table":1,"stat.mineBlock.minecraft.double_plant":4,"stat.pickup.minecraft.shield":1,"stat.drop.minecraft.red_flower":1,"stat.pickup.minecraft.log":81,"stat.pickup.minecraft.string":1,"stat.pickup.minecraft.beef":18,"stat.pickup.minecraft.iron_pickaxe":1,"stat.entityKilledBy.Skeleton":1,"stat.pickup.minecraft.stone":3,"stat.pickup.minecraft.chicken":1,"stat.pickup.minecraft.sapling":1,"stat.drop.minecraft.egg":2,"stat.sprintOneCm":115031,"stat.pickup.minecraft.cooked_beef":5,"stat.craftItem.minecraft.stick":24,"stat.craftItem.minecraft.wooden_axe":1,"stat.killEntity.Skeleton":3,"stat.craftItem.minecraft.planks":324,"stat.mineBlock.minecraft.crafting_table":1,"stat.killEntity.Spider":1,"stat.pickup.minecraft.stone_sword":4,"stat.useItem.minecraft.wooden_shovel":62,"stat.mobKills":16,"stat.mineBlock.minecraft.log":85,"stat.craftItem.minecraft.cooked_chicken":1,"stat.mineBlock.minecraft.planks":2,"stat.deaths":2,"stat.drop":13,"stat.pickup.minecraft.egg":2,"stat.mineBlock.minecraft.leaves":8,"stat.playOneMinute":83138,"stat.craftItem.minecraft.wooden_shovel":1,"stat.pickup.minecraft.torch":6,"stat.pickup.minecraft.red_flower":1,"stat.sneakTime":514,"stat.killEntity.Zombie":4,"stat.useItem.minecraft.wooden_axe":9,"stat.mineBlock.minecraft.stone":321,"stat.mineBlock.minecraft.tallgrass":87,"stat.diveOneCm":21824,"stat.drop.minecraft.wooden_axe":1}