{"stat.useItem.minecraft.bow":7,"stat.pickup.minecraft.bone":9,"stat.leaveGame":10,"stat.mineBlock.minecraft.cobblestone":27,"stat.pickup.minecraft.stone_pickaxe":1,"stat.pickup.minecraft.flint":3,"stat.swimOneCm":68377,"stat.useItem.minecraft.planks":85,"stat.pickup.minecraft.glass":4,"stat.useItem.minecraft.dirt":830,"stat.useItem.minecraft.stone_slab2":68,"stat.pickup.minecraft.iron_boots":1,"stat.pickup.minecraft.rotten_flesh":26,"stat.pickup.minecraft.sand":269,"stat.useItem.minecraft.red_flower":18,"stat.useItem.minecraft.egg":3,"stat.craftItem.minecraft.cooked_beef":61,"stat.pickup.minecraft.cobblestone":485,"stat.useItem.minecraft.stone_shovel":262,"stat.flyOneCm":409531,"stat.craftItem.minecraft.iron_shovel":3,"stat.mineBlock.minecraft.sand":265,"stat.useItem.minecraft.cooked_beef":33,"stat.mineBlock.minecraft.iron_ore":8,"stat.timeSinceDeath":147155,"stat.useItem.minecraft.iron_pickaxe":393,"stat.craftItem.minecraft.wooden_pickaxe":1,"stat.useItem.minecraft.iron_shovel":822,"stat.pickup.minecraft.wooden_shovel":2,"stat.furnaceInteraction":63,"stat.pickup.minecraft.iron_shovel":1,"stat.pickup.minecraft.shield":1,"stat.drop.minecraft.red_flower":2,"stat.pickup.minecraft.string":3,"stat.pickup.minecraft.beef":18,"stat.entityKilledBy.Skeleton":1,"stat.sprintOneCm":342916,"stat.craftItem.minecraft.stick":24,"stat.craftItem.minecraft.wooden_axe":1,"stat.mineBlock.minecraft.crafting_table":1,"stat.useItem.minecraft.wooden_shovel":62,"stat.mineBlock.minecraft.planks":9,"stat.deaths":2,"stat.drop":21,"stat.pickup.minecraft.egg":5,"stat.playOneMinute":175456,"stat.craftItem.minecraft.wooden_shovel":1,"stat.killEntity.Zombie":6,"stat.drop.minecraft.torch":1,"stat.mineBlock.minecraft.tallgrass":420,"stat.diveOneCm":30977,"stat.chestOpened":26,"stat.useItem.minecraft.stone":1,"stat.drop.minecraft.wooden_pickaxe":2,"stat.pickup.minecraft.gravel":47,"stat.pickup.minecraft.arrow":6,"stat.drop.minecraft.cooked_beef":2,"stat.useItem.minecraft.chicken":1,"stat.pickup.minecraft.stone_axe":1,"stat.drop.minecraft.iron_pickaxe":1,"stat.jump":2420,"stat.useItem.minecraft.sand":1,"stat.pickup.minecraft.iron_helmet":1,"stat.fallOneCm":36802,"stat.pickup.minecraft.iron_ingot":3,"stat.useItem.minecraft.stone_axe":110,"stat.drop.minecraft.stone_sword":1,"stat.crouchOneCm":2378,"stat.pickup.minecraft.spider_eye":2,"stat.craftItem.minecraft.iron_ingot":23,"stat.pickup.minecraft.dirt":1256,"stat.drop.minecraft.iron_shovel":1,"stat.useItem.minecraft.cooked_chicken":1,"stat.craftingTableInteraction":20,"stat.pickup.minecraft.iron_ore":16,"stat.useItem.minecraft.glass":35,"stat.pickup.minecraft.wooden_pickaxe":2,"stat.damageTaken":3274,"stat.pickup.minecraft.leather":17,"stat.drop.minecraft.bone":2,"stat.mineBlock.minecraft.red_flower":22,"stat.mineBlock.minecraft.torch":2,"stat.useItem.minecraft.wooden_pickaxe":20,"stat.pickup.minecraft.planks":86,"stat.pickup.minecraft.iron_leggings":1,"stat.pickup.minecraft.wheat_seeds":77,"stat.entityKilledBy.Zombie":1,"stat.mineBlock.minecraft.gravel":48,"stat.useItem.minecraft.stone_pickaxe":132,"stat.mineBlock.minecraft.glass":3,"stat.useItem.minecraft.stone_sword":201,"stat.damageDealt":4609,"stat.craftItem.minecraft.glass":51,"stat.killEntity.Cow":8,"stat.mineBlock.minecraft.dirt":877,"stat.drop.minecraft.stick":6,"stat.craftItem.minecraft.stone_shovel":2,"stat.walkOneCm":592789,"stat.useItem.minecraft.torch":28,"stat.pickup.minecraft.stick":68,"stat.pickup.minecraft.crafting_table":1,"stat.useItem.minecraft.cobblestone":85,"stat.craftItem.minecraft.crafting_table":1,"stat.mineBlock.minecraft.double_plant":12,"stat.pickup.minecraft.log":81,"stat.pickup.minecraft.iron_pickaxe":3,"stat.pickup.minecraft.stone":15,"stat.pickup.minecraft.chicken":1,"stat.pickup.minecraft.sapling":1,"stat.drop.minecraft.egg":2,"stat.pickup.minecraft.cooked_beef":7,"stat.killEntity.Skeleton":4,"stat.craftItem.minecraft.planks":324,"stat.killEntity.Spider":9,"stat.pickup.minecraft.stone_sword":4,"stat.mobKills":26,"stat.mineBlock.minecraft.log":85,"stat.craftItem.minecraft.cooked_chicken":1,"stat.mineBlock.minecraft.leaves":8,"stat.pickup.minecraft.torch":35,"stat.pickup.minecraft.red_flower":28,"stat.sneakTime":1285,"stat.useItem.minecraft.wooden_axe":9,"stat.mineBlock.minecraft.stone":473,"stat.drop.minecraft.wooden_axe":1}