{"stats":{"minecraft:killed":{"minecraft:spider":1,"minecraft:skeleton":5,"minecraft:chicken":5,"minecraft:pig":17,"minecraft:sheep":19,"minecraft:zombie":3,"minecraft:cow":1},"minecraft:broken":{"minecraft:stone_pickaxe":4,"minecraft:iron_sword":1,"minecraft:iron_pickaxe":4,"minecraft:golden_pickaxe":2},"minecraft:used":{"minecraft:stone_sword":38,"minecraft:flint_and_steel":32,"minecraft:chest":4,"minecraft:shield":10,"minecraft:iron_sword":354,"minecraft:torch":103,"minecraft:dirt":17,"minecraft:carrot":6,"minecraft:tuff":2,"minecraft:obsidian":3,"minecraft:iron_boots":3,"minecraft:light_gray_wool":1,"minecraft:furnace":19,"minecraft:cooked_beef":11,"minecraft:cobbled_deepslate":128,"minecraft:enchanted_golden_apple":1,"minecraft:light_gray_bed":3,"minecraft:iron_leggings":1,"minecraft:cooked_mutton":9,"minecraft:water_bucket":3,"minecraft:oak_planks":20,"minecraft:stone_pickaxe":599,"minecraft:wooden_pickaxe":11,"minecraft:crafting_table":7,"minecraft:white_bed":3,"minecraft:dripstone_block":1,"minecraft:black_wool":1,"minecraft:bread":13,"minecraft:iron_pickaxe":1230,"minecraft:gravel":1,"minecraft:stone_axe":34,"minecraft:cobblestone":151,"minecraft:porkchop":3,"minecraft:cooked_porkchop":12,"minecraft:bucket":6,"minecraft:yellow_bed":2,"minecraft:golden_pickaxe":64,"minecraft:smooth_stone":37},"minecraft:picked_up":{"minecraft:wooden_axe":1,"minecraft:iron_chestplate":2,"minecraft:crafting_table":8,"minecraft:wheat":4,"minecraft:chicken":5,"minecraft:ladder":4,"minecraft:diamond_sword":5,"minecraft:wooden_pickaxe":2,"minecraft:shield":4,"minecraft:string":12,"minecraft:raw_copper":102,"minecraft:iron_axe":2,"minecraft:wooden_sword":2,"minecraft:cobbled_deepslate":594,"minecraft:smooth_stone":37,"minecraft:bucket":1,"minecraft:beef":3,"minecraft:rose_bush":1,"minecraft:iron_pickaxe":4,"minecraft:light_gray_wool":2,"minecraft:chest":2,"minecraft:iron_boots":5,"minecraft:egg":1,"minecraft:furnace":9,"minecraft:stick":20,"minecraft:raw_iron":71,"minecraft:torch":89,"minecraft:porkchop":49,"minecraft:pointed_dripstone":44,"minecraft:diorite":146,"minecraft:carrot":3,"minecraft:light_gray_bed":11,"minecraft:stone_sword":2,"minecraft:arrow":27,"minecraft:mutton":24,"minecraft:white_wool":41,"minecraft:cobblestone":1341,"minecraft:birch_log":13,"minecraft:magma_block":1,"minecraft:cooked_beef":9,"minecraft:feather":6,"minecraft:lilac":1,"minecraft:andesite":104,"minecraft:brown_wool":1,"minecraft:flint":4,"minecraft:tuff":26,"minecraft:oak_log":42,"minecraft:yellow_bed":5,"minecraft:gunpowder":6,"minecraft:dirt":44,"minecraft:cooked_mutton":19,"minecraft:bone":6,"minecraft:bow":1,"minecraft:wheat_seeds":14,"minecraft:stone_pickaxe":5,"minecraft:iron_ingot":10,"minecraft:cobweb":4,"minecraft:iron_sword":3,"minecraft:oak_planks":368,"minecraft:cooked_porkchop":8,"minecraft:gravel":16,"minecraft:poisonous_potato":4,"minecraft:dripstone_block":5,"minecraft:ink_sac":3,"minecraft:white_bed":6,"minecraft:diamond":1,"minecraft:stone_axe":3,"minecraft:iron_helmet":1,"minecraft:diamond_axe":1,"minecraft:granite":25,"minecraft:gray_wool":1,"minecraft:bread":77,"minecraft:oak_sapling":6,"minecraft:netherrack":11,"minecraft:black_wool":1,"minecraft:coal":102,"minecraft:sunflower":14},"minecraft:crafted":{"minecraft:wooden_sword":1,"minecraft:oak_planks":112,"minecraft:cooked_chicken":4,"minecraft:furnace":10,"minecraft:flint_and_steel":1,"minecraft:iron_boots":1,"minecraft:stone_pickaxe":7,"minecraft:chest":2,"minecraft:cooked_beef":3,"minecraft:cooked_porkchop":20,"minecraft:crafting_table":3,"minecraft:wooden_pickaxe":1,"minecraft:iron_helmet":1,"minecraft:iron_sword":1,"minecraft:bucket":2,"minecraft:birch_planks":36,"minecraft:stone_axe":1,"minecraft:iron_chestplate":1,"minecraft:shield":1,"minecraft:stick":44,"minecraft:iron_pickaxe":4,"minecraft:iron_ingot":37,"minecraft:stone_sword":1,"minecraft:torch":48},"minecraft:mined":{"minecraft:tuff":28,"minecraft:white_bed":2,"minecraft:sculk_vein":5,"minecraft:granite":32,"minecraft:grass_block":8,"minecraft:light_gray_bed":9,"minecraft:smooth_stone":39,"minecraft:magma_block":1,"minecraft:furnace":9,"minecraft:cobbled_deepslate":7,"minecraft:iron_ore":44,"minecraft:fire":3,"minecraft:andesite":85,"minecraft:sculk_shrieker":1,"minecraft:pointed_dripstone":10,"minecraft:deepslate_iron_ore":5,"minecraft:stone":1023,"minecraft:white_wool":25,"minecraft:soul_fire":13,"minecraft:powder_snow":8,"minecraft:crafting_table":4,"minecraft:torch":2,"minecraft:chest":1,"minecraft:rose_bush":1,"minecraft:sculk_sensor":10,"minecraft:tall_grass":18,"minecraft:copper_ore":10,"minecraft:cobblestone":14,"minecraft:sculk":30,"minecraft:diorite":37,"minecraft:wall_torch":8,"minecraft:seagrass":1,"minecraft:birch_log":9,"minecraft:lilac":1,"minecraft:yellow_bed":2,"minecraft:grass":89,"minecraft:oak_log":31,"minecraft:coal_ore":32,"minecraft:sunflower":8,"minecraft:gravel":13,"minecraft:dripstone_block":2,"minecraft:dirt":26,"minecraft:netherrack":14,"minecraft:oak_leaves":3,"minecraft:deepslate":443},"minecraft:killed_by":{"minecraft:player":7,"minecraft:warden":7,"minecraft:zombie":1},"minecraft:custom":{"minecraft:mob_kills":53,"minecraft:interact_with_crafting_table":29,"minecraft:open_barrel":1,"minecraft:leave_game":1,"minecraft:time_since_death":2361,"minecraft:climb_one_cm":6203,"minecraft:damage_resisted":108,"minecraft:sprint_one_cm":672111,"minecraft:walk_one_cm":673621,"minecraft:damage_blocked_by_shield":295,"minecraft:drop":46,"minecraft:play_time":252775,"minecraft:deaths":20,"minecraft:sneak_time":11802,"minecraft:walk_under_water_one_cm":114475,"minecraft:jump":5344,"minecraft:interact_with_brewingstand":3,"minecraft:walk_on_water_one_cm":37584,"minecraft:total_world_time":252775,"minecraft:interact_with_furnace":41,"minecraft:sleep_in_bed":8,"minecraft:time_since_rest":2388,"minecraft:damage_taken":8235,"minecraft:damage_absorbed":160,"minecraft:damage_dealt":5323,"minecraft:swim_one_cm":150316,"minecraft:fly_one_cm":773290,"minecraft:player_kills":1,"minecraft:open_chest":34,"minecraft:crouch_one_cm":33297,"minecraft:fall_one_cm":166593},"minecraft:dropped":{"minecraft:water_bucket":1,"minecraft:iron_ingot":8,"minecraft:iron_sword":1,"minecraft:porkchop":12,"minecraft:birch_planks":13,"minecraft:wheat_seeds":6,"minecraft:cooked_porkchop":10,"minecraft:poisonous_potato":2,"minecraft:cobblestone":64,"minecraft:granite":2,"minecraft:cobweb":2,"minecraft:ink_sac":1,"minecraft:mutton":15,"minecraft:sunflower":11,"minecraft:iron_pickaxe":1,"minecraft:bone":4,"minecraft:cooked_chicken":4,"minecraft:cobbled_deepslate":1,"minecraft:oak_planks":46,"minecraft:cooked_mutton":2,"minecraft:shield":1,"minecraft:gunpowder":3,"minecraft:oak_sapling":3,"minecraft:arrow":6,"minecraft:beef":3,"minecraft:stone_pickaxe":1,"minecraft:egg":1}},"DataVersion":3120}