{"stats":{"minecraft:killed":{"minecraft:pig":2},"minecraft:used":{"minecraft:stone_sword":20,"minecraft:stone_pickaxe":494,"minecraft:chest":1,"minecraft:wooden_pickaxe":11,"minecraft:torch":40,"minecraft:dirt":17,"minecraft:crafting_table":3,"minecraft:dripstone_block":1,"minecraft:stone_axe":34,"minecraft:light_gray_wool":1,"minecraft:cobblestone":38,"minecraft:furnace":8,"minecraft:light_gray_bed":3,"minecraft:smooth_stone":37},"minecraft:broken":{"minecraft:stone_pickaxe":3},"minecraft:picked_up":{"minecraft:wooden_axe":1,"minecraft:birch_log":13,"minecraft:crafting_table":2,"minecraft:lilac":1,"minecraft:chicken":1,"minecraft:ladder":2,"minecraft:andesite":50,"minecraft:wooden_pickaxe":2,"minecraft:flint":4,"minecraft:oak_log":42,"minecraft:gunpowder":6,"minecraft:dirt":36,"minecraft:raw_copper":40,"minecraft:wooden_sword":2,"minecraft:bone":2,"minecraft:wheat_seeds":4,"minecraft:smooth_stone":37,"minecraft:stone_pickaxe":2,"minecraft:cobweb":4,"minecraft:rose_bush":1,"minecraft:light_gray_wool":1,"minecraft:chest":1,"minecraft:oak_planks":44,"minecraft:stick":20,"minecraft:raw_iron":28,"minecraft:torch":18,"minecraft:poisonous_potato":4,"minecraft:dripstone_block":5,"minecraft:gravel":10,"minecraft:porkchop":8,"minecraft:pointed_dripstone":44,"minecraft:ink_sac":3,"minecraft:diorite":58,"minecraft:white_bed":1,"minecraft:stone_sword":2,"minecraft:light_gray_bed":10,"minecraft:stone_axe":1,"minecraft:oak_sapling":6,"minecraft:coal":12,"minecraft:white_wool":25,"minecraft:cobblestone":474,"minecraft:sunflower":4},"minecraft:crafted":{"minecraft:wooden_sword":1,"minecraft:oak_planks":68,"minecraft:crafting_table":1,"minecraft:wooden_pickaxe":1,"minecraft:furnace":8,"minecraft:birch_planks":20,"minecraft:stone_axe":1,"minecraft:stick":44,"minecraft:stone_pickaxe":4,"minecraft:stone_sword":1,"minecraft:torch":48},"minecraft:mined":{"minecraft:crafting_table":2,"minecraft:grass_block":5,"minecraft:rose_bush":1,"minecraft:light_gray_bed":8,"minecraft:tall_grass":2,"minecraft:copper_ore":5,"minecraft:cobblestone":5,"minecraft:diorite":26,"minecraft:wall_torch":2,"minecraft:seagrass":1,"minecraft:smooth_stone":39,"minecraft:birch_log":9,"minecraft:iron_ore":28,"minecraft:lilac":1,"minecraft:andesite":42,"minecraft:grass":4,"minecraft:pointed_dripstone":10,"minecraft:oak_log":31,"minecraft:coal_ore":12,"minecraft:sunflower":3,"minecraft:gravel":7,"minecraft:dripstone_block":2,"minecraft:dirt":20,"minecraft:stone":314,"minecraft:white_wool":25,"minecraft:oak_leaves":3},"minecraft:killed_by":{"minecraft:player":5,"minecraft:zombie":1},"minecraft:custom":{"minecraft:interact_with_furnace":6,"minecraft:mob_kills":2,"minecraft:interact_with_crafting_table":13,"minecraft:time_since_death":1128,"minecraft:sleep_in_bed":3,"minecraft:climb_one_cm":144,"minecraft:time_since_rest":1151,"minecraft:sprint_one_cm":61953,"minecraft:damage_taken":2277,"minecraft:walk_one_cm":190898,"minecraft:drop":2,"minecraft:damage_dealt":351,"minecraft:swim_one_cm":72523,"minecraft:fly_one_cm":97973,"minecraft:player_kills":1,"minecraft:open_chest":4,"minecraft:crouch_one_cm":3073,"minecraft:play_time":55658,"minecraft:deaths":9,"minecraft:sneak_time":576,"minecraft:walk_under_water_one_cm":26557,"minecraft:jump":1070,"minecraft:walk_on_water_one_cm":18816,"minecraft:total_world_time":55658,"minecraft:fall_one_cm":37100},"minecraft:dropped":{"minecraft:ink_sac":1,"minecraft:oak_sapling":1}},"DataVersion":3120}