{"stat.chestOpened":13,"stat.pickup.minecraft.bone":6,"stat.useItem.minecraft.stone":1,"stat.leaveGame":4,"stat.pickup.minecraft.gravel":33,"stat.pickup.minecraft.arrow":2,"stat.useItem.minecraft.chicken":1,"stat.pickup.minecraft.stone_pickaxe":1,"stat.pickup.minecraft.stone_axe":1,"stat.pickup.minecraft.flint":2,"stat.jump":892,"stat.swimOneCm":23976,"stat.pickup.minecraft.iron_helmet":1,"stat.fallOneCm":15682,"stat.useItem.minecraft.planks":85,"stat.pickup.minecraft.iron_ingot":3,"stat.useItem.minecraft.stone_axe":91,"stat.drop.minecraft.stone_sword":1,"stat.crouchOneCm":706,"stat.pickup.minecraft.glass":4,"stat.craftItem.minecraft.iron_ingot":23,"stat.pickup.minecraft.dirt":21,"stat.useItem.minecraft.dirt":15,"stat.useItem.minecraft.stone_slab2":33,"stat.pickup.minecraft.iron_boots":1,"stat.craftingTableInteraction":14,"stat.pickup.minecraft.iron_ore":16,"stat.pickup.minecraft.rotten_flesh":15,"stat.pickup.minecraft.sand":70,"stat.useItem.minecraft.glass":24,"stat.damageTaken":1208,"stat.pickup.minecraft.leather":17,"stat.drop.minecraft.bone":2,"stat.mineBlock.minecraft.red_flower":1,"stat.craftItem.minecraft.cooked_beef":8,"stat.pickup.minecraft.cobblestone":253,"stat.pickup.minecraft.planks":79,"stat.flyOneCm":104539,"stat.pickup.minecraft.wheat_seeds":17,"stat.mineBlock.minecraft.sand":65,"stat.entityKilledBy.Zombie":1,"stat.mineBlock.minecraft.gravel":33,"stat.useItem.minecraft.stone_pickaxe":132,"stat.useItem.minecraft.cooked_beef":7,"stat.mineBlock.minecraft.glass":1,"stat.useItem.minecraft.stone_sword":104,"stat.damageDealt":2306,"stat.craftItem.minecraft.glass":39,"stat.mineBlock.minecraft.iron_ore":8,"stat.timeSinceDeath":30537,"stat.killEntity.Cow":8,"stat.mineBlock.minecraft.dirt":25,"stat.useItem.minecraft.iron_pickaxe":147,"stat.craftItem.minecraft.wooden_pickaxe":1,"stat.drop.minecraft.stick":6,"stat.walkOneCm":202462,"stat.pickup.minecraft.stick":17,"stat.pickup.minecraft.crafting_table":1,"stat.pickup.minecraft.wooden_shovel":2,"stat.furnaceInteraction":41,"stat.craftItem.minecraft.crafting_table":1,"stat.mineBlock.minecraft.double_plant":4,"stat.pickup.minecraft.shield":1,"stat.drop.minecraft.red_flower":1,"stat.pickup.minecraft.log":81,"stat.pickup.minecraft.beef":18,"stat.pickup.minecraft.iron_pickaxe":1,"stat.entityKilledBy.Skeleton":1,"stat.pickup.minecraft.stone":3,"stat.pickup.minecraft.chicken":1,"stat.pickup.minecraft.sapling":1,"stat.drop.minecraft.egg":2,"stat.sprintOneCm":85245,"stat.pickup.minecraft.cooked_beef":5,"stat.craftItem.minecraft.stick":12,"stat.craftItem.minecraft.wooden_axe":1,"stat.killEntity.Skeleton":2,"stat.craftItem.minecraft.planks":324,"stat.mineBlock.minecraft.crafting_table":1,"stat.pickup.minecraft.stone_sword":4,"stat.useItem.minecraft.wooden_shovel":62,"stat.mobKills":14,"stat.mineBlock.minecraft.log":85,"stat.mineBlock.minecraft.planks":2,"stat.deaths":2,"stat.drop":13,"stat.pickup.minecraft.egg":2,"stat.mineBlock.minecraft.leaves":8,"stat.playOneMinute":58838,"stat.craftItem.minecraft.wooden_shovel":1,"stat.pickup.minecraft.red_flower":1,"stat.sneakTime":466,"stat.killEntity.Zombie":4,"stat.useItem.minecraft.wooden_axe":9,"stat.mineBlock.minecraft.stone":254,"stat.mineBlock.minecraft.tallgrass":83,"stat.diveOneCm":9185,"stat.drop.minecraft.wooden_axe":1}