{"stat.chestOpened":6,"stat.walkOneCm":145079,"stat.pickup.minecraft.bone":6,"stat.pickup.minecraft.stick":17,"stat.useItem.minecraft.stone":1,"stat.leaveGame":4,"stat.pickup.minecraft.gravel":12,"stat.pickup.minecraft.arrow":2,"stat.pickup.minecraft.crafting_table":1,"stat.useItem.minecraft.chicken":1,"stat.pickup.minecraft.wooden_shovel":2,"stat.pickup.minecraft.stone_pickaxe":1,"stat.craftItem.minecraft.crafting_table":1,"stat.furnaceInteraction":23,"stat.pickup.minecraft.stone_axe":1,"stat.pickup.minecraft.flint":1,"stat.mineBlock.minecraft.double_plant":4,"stat.pickup.minecraft.shield":1,"stat.drop.minecraft.red_flower":1,"stat.pickup.minecraft.log":81,"stat.jump":755,"stat.swimOneCm":23976,"stat.pickup.minecraft.iron_helmet":1,"stat.fallOneCm":12901,"stat.useItem.minecraft.planks":85,"stat.pickup.minecraft.beef":18,"stat.pickup.minecraft.iron_pickaxe":1,"stat.entityKilledBy.Skeleton":1,"stat.useItem.minecraft.stone_axe":91,"stat.pickup.minecraft.stone":3,"stat.crouchOneCm":651,"stat.pickup.minecraft.chicken":1,"stat.craftItem.minecraft.iron_ingot":20,"stat.pickup.minecraft.sapling":1,"stat.drop.minecraft.egg":2,"stat.pickup.minecraft.dirt":17,"stat.useItem.minecraft.dirt":2,"stat.sprintOneCm":70566,"stat.useItem.minecraft.stone_slab2":25,"stat.pickup.minecraft.cooked_beef":5,"stat.pickup.minecraft.iron_boots":1,"stat.craftItem.minecraft.stick":12,"stat.craftItem.minecraft.wooden_axe":1,"stat.craftingTableInteraction":11,"stat.pickup.minecraft.rotten_flesh":14,"stat.killEntity.Skeleton":2,"stat.pickup.minecraft.sand":70,"stat.useItem.minecraft.glass":8,"stat.craftItem.minecraft.planks":324,"stat.damageTaken":1170,"stat.mineBlock.minecraft.crafting_table":1,"stat.pickup.minecraft.leather":17,"stat.drop.minecraft.bone":2,"stat.pickup.minecraft.stone_sword":3,"stat.mineBlock.minecraft.red_flower":1,"stat.craftItem.minecraft.cooked_beef":8,"stat.useItem.minecraft.wooden_shovel":62,"stat.mobKills":13,"stat.pickup.minecraft.cobblestone":117,"stat.mineBlock.minecraft.log":85,"stat.pickup.minecraft.planks":79,"stat.flyOneCm":89903,"stat.mineBlock.minecraft.planks":2,"stat.deaths":2,"stat.drop":12,"stat.pickup.minecraft.wheat_seeds":17,"stat.pickup.minecraft.egg":2,"stat.mineBlock.minecraft.sand":65,"stat.mineBlock.minecraft.leaves":8,"stat.playOneMinute":46238,"stat.craftItem.minecraft.wooden_shovel":1,"stat.entityKilledBy.Zombie":1,"stat.mineBlock.minecraft.gravel":11,"stat.useItem.minecraft.stone_pickaxe":132,"stat.pickup.minecraft.red_flower":1,"stat.useItem.minecraft.cooked_beef":7,"stat.mineBlock.minecraft.glass":1,"stat.sneakTime":457,"stat.useItem.minecraft.stone_sword":103,"stat.damageDealt":2209,"stat.craftItem.minecraft.glass":19,"stat.killEntity.Zombie":4,"stat.timeSinceDeath":17937,"stat.useItem.minecraft.wooden_axe":9,"stat.killEntity.Cow":8,"stat.mineBlock.minecraft.dirt":21,"stat.craftItem.minecraft.wooden_pickaxe":1,"stat.mineBlock.minecraft.stone":118,"stat.mineBlock.minecraft.tallgrass":83,"stat.diveOneCm":9185,"stat.drop.minecraft.wooden_axe":1,"stat.drop.minecraft.stick":6}