{"stats":{"minecraft:used":{"minecraft:stone_pickaxe":434,"minecraft:chest":1,"minecraft:wooden_pickaxe":10,"minecraft:torch":21,"minecraft:dirt":15,"minecraft:crafting_table":3,"minecraft:dripstone_block":1,"minecraft:stone_axe":19,"minecraft:light_gray_wool":1,"minecraft:cobblestone":14,"minecraft:light_gray_bed":3,"minecraft:smooth_stone":37},"minecraft:broken":{"minecraft:stone_pickaxe":3},"minecraft:picked_up":{"minecraft:wooden_axe":1,"minecraft:birch_log":5,"minecraft:crafting_table":2,"minecraft:lilac":1,"minecraft:chicken":1,"minecraft:ladder":1,"minecraft:andesite":42,"minecraft:wooden_pickaxe":1,"minecraft:flint":2,"minecraft:oak_log":20,"minecraft:gunpowder":3,"minecraft:dirt":23,"minecraft:raw_copper":20,"minecraft:wooden_sword":1,"minecraft:bone":1,"minecraft:wheat_seeds":2,"minecraft:smooth_stone":37,"minecraft:stone_pickaxe":1,"minecraft:cobweb":2,"minecraft:rose_bush":1,"minecraft:light_gray_wool":1,"minecraft:chest":1,"minecraft:oak_planks":7,"minecraft:stick":3,"minecraft:torch":5,"minecraft:poisonous_potato":2,"minecraft:dripstone_block":2,"minecraft:gravel":5,"minecraft:ink_sac":3,"minecraft:diorite":28,"minecraft:white_bed":1,"minecraft:stone_sword":1,"minecraft:light_gray_bed":10,"minecraft:oak_sapling":2,"minecraft:coal":12,"minecraft:white_wool":25,"minecraft:cobblestone":312},"minecraft:crafted":{"minecraft:wooden_sword":1,"minecraft:oak_planks":68,"minecraft:crafting_table":1,"minecraft:wooden_pickaxe":1,"minecraft:birch_planks":20,"minecraft:stone_axe":1,"minecraft:stick":44,"minecraft:stone_pickaxe":4,"minecraft:stone_sword":1,"minecraft:torch":48},"minecraft:mined":{"minecraft:crafting_table":2,"minecraft:grass_block":3,"minecraft:rose_bush":1,"minecraft:light_gray_bed":8,"minecraft:copper_ore":5,"minecraft:cobblestone":4,"minecraft:diorite":25,"minecraft:wall_torch":2,"minecraft:seagrass":1,"minecraft:smooth_stone":39,"minecraft:birch_log":5,"minecraft:lilac":1,"minecraft:andesite":42,"minecraft:grass":2,"minecraft:oak_log":20,"minecraft:coal_ore":12,"minecraft:gravel":7,"minecraft:dripstone_block":2,"minecraft:dirt":17,"minecraft:stone":294,"minecraft:white_wool":25,"minecraft:oak_leaves":3},"minecraft:killed_by":{"minecraft:player":5,"minecraft:zombie":1},"minecraft:custom":{"minecraft:interact_with_crafting_table":11,"minecraft:time_since_death":23856,"minecraft:sleep_in_bed":1,"minecraft:climb_one_cm":144,"minecraft:time_since_rest":20053,"minecraft:sprint_one_cm":60098,"minecraft:damage_taken":1987,"minecraft:walk_one_cm":112417,"minecraft:drop":2,"minecraft:damage_dealt":191,"minecraft:swim_one_cm":69574,"minecraft:fly_one_cm":92985,"minecraft:player_kills":1,"minecraft:open_chest":4,"minecraft:crouch_one_cm":3016,"minecraft:play_time":43658,"minecraft:deaths":8,"minecraft:sneak_time":570,"minecraft:walk_under_water_one_cm":26277,"minecraft:jump":785,"minecraft:walk_on_water_one_cm":17808,"minecraft:total_world_time":43658,"minecraft:fall_one_cm":32202},"minecraft:dropped":{"minecraft:ink_sac":1,"minecraft:oak_sapling":1}},"DataVersion":3120}