{"stats":{"minecraft:killed":{"minecraft:pig":11,"minecraft:sheep":7,"minecraft:skeleton":1,"minecraft:zombie":2,"minecraft:chicken":4},"minecraft:used":{"minecraft:stone_sword":20,"minecraft:flint_and_steel":3,"minecraft:stone_pickaxe":587,"minecraft:shield":4,"minecraft:chest":3,"minecraft:wooden_pickaxe":11,"minecraft:iron_sword":198,"minecraft:torch":42,"minecraft:dirt":17,"minecraft:crafting_table":4,"minecraft:white_bed":2,"minecraft:dripstone_block":1,"minecraft:obsidian":2,"minecraft:black_wool":1,"minecraft:stone_axe":34,"minecraft:light_gray_wool":1,"minecraft:cobblestone":38,"minecraft:furnace":17,"minecraft:cooked_porkchop":9,"minecraft:light_gray_bed":3,"minecraft:smooth_stone":37},"minecraft:broken":{"minecraft:stone_pickaxe":4},"minecraft:picked_up":{"minecraft:wooden_axe":1,"minecraft:birch_log":13,"minecraft:crafting_table":3,"minecraft:feather":4,"minecraft:lilac":1,"minecraft:chicken":5,"minecraft:ladder":2,"minecraft:andesite":50,"minecraft:wooden_pickaxe":2,"minecraft:flint":4,"minecraft:oak_log":42,"minecraft:shield":1,"minecraft:gunpowder":6,"minecraft:dirt":38,"minecraft:raw_copper":40,"minecraft:wooden_sword":2,"minecraft:bone":3,"minecraft:wheat_seeds":11,"minecraft:smooth_stone":37,"minecraft:iron_ingot":1,"minecraft:stone_pickaxe":2,"minecraft:cobweb":4,"minecraft:rose_bush":1,"minecraft:light_gray_wool":1,"minecraft:chest":1,"minecraft:oak_planks":44,"minecraft:egg":1,"minecraft:furnace":9,"minecraft:stick":20,"minecraft:raw_iron":28,"minecraft:torch":18,"minecraft:poisonous_potato":4,"minecraft:dripstone_block":5,"minecraft:gravel":10,"minecraft:porkchop":24,"minecraft:pointed_dripstone":44,"minecraft:ink_sac":3,"minecraft:diorite":58,"minecraft:white_bed":2,"minecraft:stone_sword":2,"minecraft:arrow":2,"minecraft:light_gray_bed":11,"minecraft:stone_axe":1,"minecraft:netherrack":1,"minecraft:mutton":9,"minecraft:black_wool":1,"minecraft:oak_sapling":6,"minecraft:coal":50,"minecraft:white_wool":32,"minecraft:cobblestone":539,"minecraft:sunflower":12},"minecraft:crafted":{"minecraft:wooden_sword":1,"minecraft:oak_planks":112,"minecraft:cooked_porkchop":16,"minecraft:crafting_table":1,"minecraft:cooked_chicken":4,"minecraft:wooden_pickaxe":1,"minecraft:iron_helmet":1,"minecraft:iron_sword":1,"minecraft:furnace":8,"minecraft:birch_planks":36,"minecraft:stone_axe":1,"minecraft:flint_and_steel":1,"minecraft:iron_boots":1,"minecraft:iron_chestplate":1,"minecraft:shield":1,"minecraft:stick":44,"minecraft:iron_ingot":28,"minecraft:stone_pickaxe":5,"minecraft:stone_sword":1,"minecraft:chest":2,"minecraft:torch":48},"minecraft:mined":{"minecraft:white_bed":1,"minecraft:crafting_table":3,"minecraft:grass_block":5,"minecraft:rose_bush":1,"minecraft:light_gray_bed":9,"minecraft:tall_grass":12,"minecraft:copper_ore":5,"minecraft:cobblestone":5,"minecraft:diorite":26,"minecraft:wall_torch":2,"minecraft:seagrass":1,"minecraft:smooth_stone":39,"minecraft:furnace":9,"minecraft:birch_log":9,"minecraft:iron_ore":28,"minecraft:lilac":1,"minecraft:andesite":42,"minecraft:grass":63,"minecraft:pointed_dripstone":10,"minecraft:oak_log":31,"minecraft:coal_ore":25,"minecraft:sunflower":6,"minecraft:gravel":7,"minecraft:dripstone_block":2,"minecraft:dirt":22,"minecraft:stone":379,"minecraft:netherrack":3,"minecraft:white_wool":25,"minecraft:oak_leaves":3},"minecraft:killed_by":{"minecraft:player":5,"minecraft:zombie":1},"minecraft:custom":{"minecraft:interact_with_furnace":28,"minecraft:mob_kills":26,"minecraft:interact_with_crafting_table":22,"minecraft:time_since_death":31128,"minecraft:sleep_in_bed":4,"minecraft:climb_one_cm":144,"minecraft:time_since_rest":13161,"minecraft:sprint_one_cm":176845,"minecraft:damage_taken":2874,"minecraft:walk_one_cm":256075,"minecraft:damage_blocked_by_shield":125,"minecraft:drop":19,"minecraft:damage_dealt":2600,"minecraft:swim_one_cm":77062,"minecraft:fly_one_cm":263907,"minecraft:player_kills":1,"minecraft:open_chest":8,"minecraft:crouch_one_cm":3355,"minecraft:play_time":85658,"minecraft:deaths":9,"minecraft:sneak_time":668,"minecraft:walk_under_water_one_cm":27549,"minecraft:jump":1984,"minecraft:walk_on_water_one_cm":19719,"minecraft:total_world_time":85658,"minecraft:fall_one_cm":66204},"minecraft:dropped":{"minecraft:iron_ingot":8,"minecraft:wheat_seeds":6,"minecraft:cooked_porkchop":6,"minecraft:poisonous_potato":2,"minecraft:cobweb":2,"minecraft:shield":1,"minecraft:gunpowder":3,"minecraft:ink_sac":1,"minecraft:oak_sapling":3,"minecraft:sunflower":10,"minecraft:egg":1,"minecraft:bone":1}},"DataVersion":3120}