{"stat.pickup.minecraft.bone":7,"stat.leaveGame":9,"stat.mineBlock.minecraft.cobblestone":27,"stat.pickup.minecraft.stone_pickaxe":1,"stat.pickup.minecraft.flint":2,"stat.swimOneCm":45719,"stat.useItem.minecraft.planks":85,"stat.pickup.minecraft.glass":4,"stat.useItem.minecraft.dirt":282,"stat.useItem.minecraft.stone_slab2":53,"stat.pickup.minecraft.iron_boots":1,"stat.pickup.minecraft.rotten_flesh":21,"stat.pickup.minecraft.sand":252,"stat.useItem.minecraft.red_flower":7,"stat.craftItem.minecraft.cooked_beef":61,"stat.pickup.minecraft.cobblestone":346,"stat.useItem.minecraft.stone_shovel":262,"stat.flyOneCm":234579,"stat.craftItem.minecraft.iron_shovel":3,"stat.mineBlock.minecraft.sand":248,"stat.useItem.minecraft.cooked_beef":18,"stat.mineBlock.minecraft.iron_ore":8,"stat.timeSinceDeath":105181,"stat.useItem.minecraft.iron_pickaxe":249,"stat.craftItem.minecraft.wooden_pickaxe":1,"stat.useItem.minecraft.iron_shovel":693,"stat.pickup.minecraft.wooden_shovel":2,"stat.furnaceInteraction":59,"stat.pickup.minecraft.iron_shovel":1,"stat.pickup.minecraft.shield":1,"stat.drop.minecraft.red_flower":2,"stat.pickup.minecraft.string":3,"stat.pickup.minecraft.beef":18,"stat.entityKilledBy.Skeleton":1,"stat.sprintOneCm":244148,"stat.craftItem.minecraft.stick":24,"stat.craftItem.minecraft.wooden_axe":1,"stat.mineBlock.minecraft.crafting_table":1,"stat.useItem.minecraft.wooden_shovel":62,"stat.mineBlock.minecraft.planks":9,"stat.deaths":2,"stat.drop":19,"stat.pickup.minecraft.egg":2,"stat.playOneMinute":133482,"stat.craftItem.minecraft.wooden_shovel":1,"stat.killEntity.Zombie":5,"stat.mineBlock.minecraft.tallgrass":420,"stat.diveOneCm":21824,"stat.chestOpened":23,"stat.useItem.minecraft.stone":1,"stat.drop.minecraft.wooden_pickaxe":2,"stat.pickup.minecraft.gravel":35,"stat.pickup.minecraft.arrow":4,"stat.drop.minecraft.cooked_beef":2,"stat.useItem.minecraft.chicken":1,"stat.pickup.minecraft.stone_axe":1,"stat.jump":1625,"stat.useItem.minecraft.sand":1,"stat.pickup.minecraft.iron_helmet":1,"stat.fallOneCm":26676,"stat.pickup.minecraft.iron_ingot":3,"stat.useItem.minecraft.stone_axe":110,"stat.drop.minecraft.stone_sword":1,"stat.crouchOneCm":1185,"stat.pickup.minecraft.spider_eye":2,"stat.craftItem.minecraft.iron_ingot":23,"stat.pickup.minecraft.dirt":726,"stat.drop.minecraft.iron_shovel":1,"stat.useItem.minecraft.cooked_chicken":1,"stat.craftingTableInteraction":19,"stat.pickup.minecraft.iron_ore":16,"stat.useItem.minecraft.glass":35,"stat.pickup.minecraft.wooden_pickaxe":2,"stat.damageTaken":1916,"stat.pickup.minecraft.leather":17,"stat.drop.minecraft.bone":2,"stat.mineBlock.minecraft.red_flower":22,"stat.useItem.minecraft.wooden_pickaxe":7,"stat.pickup.minecraft.planks":86,"stat.pickup.minecraft.wheat_seeds":77,"stat.entityKilledBy.Zombie":1,"stat.mineBlock.minecraft.gravel":35,"stat.useItem.minecraft.stone_pickaxe":132,"stat.mineBlock.minecraft.glass":3,"stat.useItem.minecraft.stone_sword":160,"stat.damageDealt":3444,"stat.craftItem.minecraft.glass":51,"stat.killEntity.Cow":8,"stat.mineBlock.minecraft.dirt":749,"stat.drop.minecraft.stick":6,"stat.craftItem.minecraft.stone_shovel":2,"stat.walkOneCm":430167,"stat.useItem.minecraft.torch":13,"stat.pickup.minecraft.stick":20,"stat.pickup.minecraft.crafting_table":1,"stat.useItem.minecraft.cobblestone":85,"stat.craftItem.minecraft.crafting_table":1,"stat.mineBlock.minecraft.double_plant":12,"stat.pickup.minecraft.log":81,"stat.pickup.minecraft.iron_pickaxe":2,"stat.pickup.minecraft.stone":7,"stat.pickup.minecraft.chicken":1,"stat.pickup.minecraft.sapling":1,"stat.drop.minecraft.egg":2,"stat.pickup.minecraft.cooked_beef":7,"stat.killEntity.Skeleton":3,"stat.craftItem.minecraft.planks":324,"stat.killEntity.Spider":5,"stat.pickup.minecraft.stone_sword":4,"stat.mobKills":21,"stat.mineBlock.minecraft.log":85,"stat.craftItem.minecraft.cooked_chicken":1,"stat.mineBlock.minecraft.leaves":8,"stat.pickup.minecraft.torch":23,"stat.pickup.minecraft.red_flower":24,"stat.sneakTime":626,"stat.useItem.minecraft.wooden_axe":9,"stat.mineBlock.minecraft.stone":329,"stat.drop.minecraft.wooden_axe":1}