{"stat.useItem.minecraft.bow":7,"stat.pickup.minecraft.bone":15,"stat.leaveGame":11,"stat.mineBlock.minecraft.cobblestone":168,"stat.pickup.minecraft.stone_pickaxe":1,"stat.pickup.minecraft.flint":3,"stat.swimOneCm":76373,"stat.useItem.minecraft.planks":125,"stat.pickup.minecraft.glass":4,"stat.useItem.minecraft.dirt":844,"stat.useItem.minecraft.stone_slab2":90,"stat.pickup.minecraft.bow":1,"stat.pickup.minecraft.iron_boots":2,"stat.pickup.minecraft.rotten_flesh":29,"stat.pickup.minecraft.sand":269,"stat.useItem.minecraft.red_flower":18,"stat.useItem.minecraft.egg":3,"stat.craftItem.minecraft.stone_pickaxe":2,"stat.craftItem.minecraft.cooked_beef":61,"stat.pickup.minecraft.cobblestone":990,"stat.useItem.minecraft.stone_shovel":262,"stat.flyOneCm":515346,"stat.craftItem.minecraft.iron_shovel":3,"stat.mineBlock.minecraft.sand":265,"stat.useItem.minecraft.cooked_beef":53,"stat.pickup.minecraft.redstone":26,"stat.mineBlock.minecraft.iron_ore":8,"stat.timeSinceDeath":52632,"stat.useItem.minecraft.iron_pickaxe":393,"stat.craftItem.minecraft.wooden_pickaxe":1,"stat.useItem.minecraft.iron_shovel":822,"stat.pickup.cgm.basic_ammo":21,"stat.useItem.minecraft.oak_stairs":1,"stat.pickup.minecraft.wooden_shovel":2,"stat.furnaceInteraction":68,"stat.pickup.minecraft.iron_shovel":1,"stat.pickup.minecraft.shield":3,"stat.drop.minecraft.red_flower":2,"stat.pickup.minecraft.string":11,"stat.pickup.minecraft.beef":18,"stat.entityKilledBy.Skeleton":1,"stat.sprintOneCm":479734,"stat.craftItem.minecraft.stick":24,"stat.craftItem.minecraft.wooden_axe":1,"stat.mineBlock.minecraft.crafting_table":1,"stat.useItem.minecraft.wooden_shovel":62,"stat.mineBlock.minecraft.oak_stairs":2,"stat.mineBlock.minecraft.planks":37,"stat.deaths":6,"stat.drop":21,"stat.pickup.minecraft.egg":10,"stat.playOneMinute":234346,"stat.craftItem.minecraft.wooden_shovel":1,"stat.killEntity.Zombie":7,"stat.drop.minecraft.torch":1,"stat.mineBlock.minecraft.tallgrass":420,"stat.diveOneCm":36538,"stat.chestOpened":37,"stat.useItem.minecraft.stone":1,"stat.drop.minecraft.wooden_pickaxe":2,"stat.pickup.minecraft.gravel":76,"stat.pickup.minecraft.arrow":7,"stat.pickup.minecraft.iron_sword":1,"stat.drop.minecraft.cooked_beef":2,"stat.useItem.minecraft.chicken":1,"stat.pickup.minecraft.stone_axe":2,"stat.drop.minecraft.iron_pickaxe":1,"stat.jump":3277,"stat.useItem.minecraft.sand":1,"stat.pickup.minecraft.iron_helmet":2,"stat.fallOneCm":56590,"stat.pickup.minecraft.iron_ingot":3,"stat.useItem.minecraft.stone_axe":170,"stat.drop.minecraft.stone_sword":1,"stat.pickup.minecraft.gunpowder":120,"stat.crouchOneCm":13048,"stat.pickup.minecraft.spider_eye":2,"stat.craftItem.minecraft.iron_ingot":23,"stat.pickup.minecraft.dirt":1274,"stat.drop.minecraft.iron_shovel":1,"stat.useItem.minecraft.cooked_chicken":1,"stat.craftingTableInteraction":24,"stat.pickup.minecraft.iron_ore":16,"stat.useItem.minecraft.glass":70,"stat.pickup.minecraft.wooden_pickaxe":2,"stat.damageTaken":6454,"stat.pickup.minecraft.leather":23,"stat.pickup.minecraft.feather":2,"stat.drop.minecraft.bone":2,"stat.mineBlock.minecraft.red_flower":29,"stat.mineBlock.minecraft.torch":2,"stat.useItem.minecraft.wooden_pickaxe":20,"stat.pickup.srparasites.assimilated_flesh":3,"stat.pickup.minecraft.dye":33,"stat.pickup.minecraft.planks":170,"stat.pickup.minecraft.iron_leggings":4,"stat.pickup.minecraft.wheat_seeds":144,"stat.pickup.minecraft.oak_stairs":2,"stat.entityKilledBy.Zombie":1,"stat.mineBlock.minecraft.gravel":49,"stat.useItem.minecraft.stone_pickaxe":278,"stat.mineBlock.minecraft.glass":10,"stat.useItem.minecraft.stone_sword":201,"stat.damageDealt":5390,"stat.craftItem.minecraft.glass":87,"stat.killEntity.Cow":8,"stat.mineBlock.minecraft.dirt":881,"stat.drop.minecraft.stick":6,"stat.craftItem.minecraft.stone_shovel":2,"stat.walkOneCm":790447,"stat.useItem.minecraft.torch":29,"stat.pickup.minecraft.stick":180,"stat.pickup.minecraft.iron_nugget":13,"stat.pickup.minecraft.crafting_table":1,"stat.useItem.minecraft.cobblestone":898,"stat.craftItem.minecraft.crafting_table":1,"stat.useItem.minecraft.gravel":14,"stat.mineBlock.minecraft.double_plant":12,"stat.pickup.cgm.handgun":1,"stat.pickup.minecraft.log":84,"stat.pickup.minecraft.iron_pickaxe":3,"stat.pickup.minecraft.stone":75,"stat.pickup.minecraft.chicken":1,"stat.pickup.minecraft.sapling":3,"stat.drop.minecraft.egg":2,"stat.pickup.minecraft.wooden_door":6,"stat.pickup.minecraft.cooked_beef":55,"stat.killEntity.Skeleton":4,"stat.craftItem.minecraft.planks":324,"stat.killEntity.Spider":12,"stat.pickup.minecraft.stone_sword":4,"stat.mobKills":31,"stat.mineBlock.minecraft.log":87,"stat.craftItem.minecraft.wooden_door":3,"stat.craftItem.minecraft.cooked_chicken":1,"stat.useItem.minecraft.wooden_door":3,"stat.mineBlock.minecraft.leaves":40,"stat.pickup.minecraft.torch":87,"stat.pickup.minecraft.red_flower":34,"stat.sneakTime":4610,"stat.useItem.minecraft.wooden_axe":9,"stat.mineBlock.minecraft.stone":473,"stat.drop.minecraft.wooden_axe":1}