{"stat.pickup.minecraft.bone":7,"stat.leaveGame":4,"stat.mineBlock.minecraft.cobblestone":24,"stat.pickup.minecraft.stone_pickaxe":1,"stat.pickup.minecraft.flint":2,"stat.swimOneCm":44588,"stat.useItem.minecraft.planks":85,"stat.pickup.minecraft.glass":4,"stat.useItem.minecraft.dirt":279,"stat.useItem.minecraft.stone_slab2":47,"stat.pickup.minecraft.iron_boots":1,"stat.pickup.minecraft.rotten_flesh":18,"stat.pickup.minecraft.sand":252,"stat.craftItem.minecraft.cooked_beef":61,"stat.pickup.minecraft.cobblestone":339,"stat.useItem.minecraft.stone_shovel":262,"stat.flyOneCm":192014,"stat.craftItem.minecraft.iron_shovel":3,"stat.mineBlock.minecraft.sand":248,"stat.useItem.minecraft.cooked_beef":15,"stat.mineBlock.minecraft.iron_ore":8,"stat.timeSinceDeath":92492,"stat.useItem.minecraft.iron_pickaxe":246,"stat.craftItem.minecraft.wooden_pickaxe":1,"stat.useItem.minecraft.iron_shovel":644,"stat.pickup.minecraft.wooden_shovel":2,"stat.furnaceInteraction":59,"stat.pickup.minecraft.shield":1,"stat.drop.minecraft.red_flower":1,"stat.pickup.minecraft.string":3,"stat.pickup.minecraft.beef":18,"stat.entityKilledBy.Skeleton":1,"stat.sprintOneCm":170062,"stat.craftItem.minecraft.stick":24,"stat.craftItem.minecraft.wooden_axe":1,"stat.mineBlock.minecraft.crafting_table":1,"stat.useItem.minecraft.wooden_shovel":62,"stat.mineBlock.minecraft.planks":9,"stat.deaths":2,"stat.drop":13,"stat.pickup.minecraft.egg":2,"stat.playOneMinute":120793,"stat.craftItem.minecraft.wooden_shovel":1,"stat.killEntity.Zombie":5,"stat.mineBlock.minecraft.tallgrass":133,"stat.diveOneCm":21824,"stat.chestOpened":21,"stat.useItem.minecraft.stone":1,"stat.pickup.minecraft.gravel":35,"stat.pickup.minecraft.arrow":4,"stat.useItem.minecraft.chicken":1,"stat.pickup.minecraft.stone_axe":1,"stat.jump":1435,"stat.useItem.minecraft.sand":1,"stat.pickup.minecraft.iron_helmet":1,"stat.fallOneCm":24468,"stat.pickup.minecraft.iron_ingot":3,"stat.useItem.minecraft.stone_axe":108,"stat.drop.minecraft.stone_sword":1,"stat.crouchOneCm":987,"stat.pickup.minecraft.spider_eye":1,"stat.craftItem.minecraft.iron_ingot":23,"stat.pickup.minecraft.dirt":725,"stat.useItem.minecraft.cooked_chicken":1,"stat.craftingTableInteraction":19,"stat.pickup.minecraft.iron_ore":16,"stat.useItem.minecraft.glass":35,"stat.damageTaken":1767,"stat.pickup.minecraft.leather":17,"stat.drop.minecraft.bone":2,"stat.mineBlock.minecraft.red_flower":3,"stat.pickup.minecraft.planks":86,"stat.pickup.minecraft.wheat_seeds":34,"stat.entityKilledBy.Zombie":1,"stat.mineBlock.minecraft.gravel":35,"stat.useItem.minecraft.stone_pickaxe":132,"stat.mineBlock.minecraft.glass":3,"stat.useItem.minecraft.stone_sword":160,"stat.damageDealt":3319,"stat.craftItem.minecraft.glass":51,"stat.killEntity.Cow":8,"stat.mineBlock.minecraft.dirt":748,"stat.drop.minecraft.stick":6,"stat.craftItem.minecraft.stone_shovel":2,"stat.walkOneCm":396307,"stat.useItem.minecraft.torch":10,"stat.pickup.minecraft.stick":20,"stat.pickup.minecraft.crafting_table":1,"stat.useItem.minecraft.cobblestone":73,"stat.craftItem.minecraft.crafting_table":1,"stat.mineBlock.minecraft.double_plant":4,"stat.pickup.minecraft.log":81,"stat.pickup.minecraft.iron_pickaxe":1,"stat.pickup.minecraft.stone":7,"stat.pickup.minecraft.chicken":1,"stat.pickup.minecraft.sapling":1,"stat.drop.minecraft.egg":2,"stat.pickup.minecraft.cooked_beef":5,"stat.killEntity.Skeleton":3,"stat.craftItem.minecraft.planks":324,"stat.killEntity.Spider":4,"stat.pickup.minecraft.stone_sword":4,"stat.mobKills":20,"stat.mineBlock.minecraft.log":85,"stat.craftItem.minecraft.cooked_chicken":1,"stat.mineBlock.minecraft.leaves":8,"stat.pickup.minecraft.torch":23,"stat.pickup.minecraft.red_flower":4,"stat.sneakTime":538,"stat.useItem.minecraft.wooden_axe":9,"stat.mineBlock.minecraft.stone":325,"stat.drop.minecraft.wooden_axe":1}