{"stats":{"minecraft:used":{"minecraft:dirt":1},"minecraft:picked_up":{"minecraft:lilac":1,"minecraft:rose_bush":1,"minecraft:oak_log":3,"minecraft:dirt":1},"minecraft:mined":{"minecraft:oak_log":2,"minecraft:grass_block":1,"minecraft:rose_bush":1,"minecraft:lilac":1,"minecraft:oak_leaves":1},"minecraft:killed_by":{"minecraft:player":2},"minecraft:custom":{"minecraft:open_chest":1,"minecraft:time_since_rest":3582,"minecraft:crouch_one_cm":597,"minecraft:walk_one_cm":10944,"minecraft:play_time":7658,"minecraft:sprint_one_cm":24974,"minecraft:damage_taken":1076,"minecraft:deaths":4,"minecraft:sneak_time":75,"minecraft:walk_under_water_one_cm":3696,"minecraft:jump":207,"minecraft:damage_dealt":167,"minecraft:walk_on_water_one_cm":2720,"minecraft:time_since_death":3559,"minecraft:total_world_time":7658,"minecraft:swim_one_cm":22311,"minecraft:fall_one_cm":15409,"minecraft:fly_one_cm":36912,"minecraft:player_kills":1}},"DataVersion":3120}