{"stat.killEntity.Skeleton":1,"stat.walkOneCm":44386,"stat.pickup.minecraft.bone":2,"stat.craftItem.minecraft.planks":52,"stat.leaveGame":4,"stat.pickup.minecraft.crafting_table":1,"stat.damageTaken":265,"stat.mineBlock.minecraft.crafting_table":1,"stat.pickup.minecraft.leather":2,"stat.useItem.minecraft.chicken":1,"stat.craftItem.minecraft.crafting_table":1,"stat.drop.minecraft.bone":2,"stat.mineBlock.minecraft.double_plant":3,"stat.mobKills":3,"stat.mineBlock.minecraft.log":13,"stat.pickup.minecraft.planks":1,"stat.drop.minecraft.red_flower":1,"stat.pickup.minecraft.log":13,"stat.flyOneCm":8841,"stat.mineBlock.minecraft.planks":1,"stat.drop":6,"stat.pickup.minecraft.wheat_seeds":4,"stat.jump":146,"stat.pickup.minecraft.egg":2,"stat.swimOneCm":3384,"stat.playOneMinute":10238,"stat.fallOneCm":3074,"stat.useItem.minecraft.planks":39,"stat.pickup.minecraft.beef":7,"stat.pickup.minecraft.red_flower":1,"stat.sneakTime":24,"stat.damageDealt":554,"stat.crouchOneCm":164,"stat.pickup.minecraft.chicken":1,"stat.timeSinceDeath":10238,"stat.useItem.minecraft.wooden_axe":9,"stat.drop.minecraft.egg":2,"stat.killEntity.Cow":3,"stat.sprintOneCm":13370,"stat.useItem.minecraft.stone_slab2":3,"stat.mineBlock.minecraft.tallgrass":53,"stat.diveOneCm":1299,"stat.drop.minecraft.wooden_axe":1,"stat.craftItem.minecraft.stick":12,"stat.craftItem.minecraft.wooden_axe":1,"stat.craftingTableInteraction":2}