{"stats":{"minecraft:used":{"minecraft:stone_pickaxe":8,"minecraft:wooden_pickaxe":10,"minecraft:light_gray_wool":1,"minecraft:dirt":1,"minecraft:crafting_table":1,"minecraft:light_gray_bed":1},"minecraft:picked_up":{"minecraft:wooden_axe":1,"minecraft:stick":3,"minecraft:lilac":1,"minecraft:chicken":1,"minecraft:oak_log":8,"minecraft:ink_sac":3,"minecraft:dirt":3,"minecraft:stone_sword":1,"minecraft:light_gray_bed":5,"minecraft:rose_bush":1,"minecraft:light_gray_wool":1,"minecraft:white_wool":25,"minecraft:cobblestone":16},"minecraft:crafted":{"minecraft:wooden_sword":1,"minecraft:oak_planks":20,"minecraft:crafting_table":1,"minecraft:stick":8,"minecraft:wooden_pickaxe":1,"minecraft:stone_pickaxe":1},"minecraft:mined":{"minecraft:lilac":1,"minecraft:grass":2,"minecraft:grass_block":2,"minecraft:oak_log":7,"minecraft:rose_bush":1,"minecraft:dirt":1,"minecraft:light_gray_bed":6,"minecraft:stone":16,"minecraft:white_wool":25,"minecraft:oak_leaves":2},"minecraft:killed_by":{"minecraft:player":5},"minecraft:custom":{"minecraft:time_since_rest":4175,"minecraft:sprint_one_cm":45826,"minecraft:damage_taken":1837,"minecraft:walk_one_cm":36764,"minecraft:drop":1,"minecraft:damage_dealt":174,"minecraft:swim_one_cm":54523,"minecraft:interact_with_crafting_table":2,"minecraft:player_kills":1,"minecraft:fly_one_cm":81296,"minecraft:open_chest":3,"minecraft:crouch_one_cm":2662,"minecraft:play_time":19658,"minecraft:deaths":7,"minecraft:sneak_time":509,"minecraft:walk_under_water_one_cm":11833,"minecraft:jump":491,"minecraft:time_since_death":4151,"minecraft:walk_on_water_one_cm":9138,"minecraft:total_world_time":19658,"minecraft:climb_one_cm":111,"minecraft:fall_one_cm":28215},"minecraft:dropped":{"minecraft:ink_sac":1}},"DataVersion":3120}