{"stats":{"minecraft:used":{"minecraft:stone_pickaxe":260,"minecraft:wooden_pickaxe":10,"minecraft:torch":9,"minecraft:light_gray_wool":1,"minecraft:dirt":12,"minecraft:cobblestone":4,"minecraft:crafting_table":2,"minecraft:smooth_stone":37,"minecraft:light_gray_bed":3},"minecraft:broken":{"minecraft:stone_pickaxe":2},"minecraft:picked_up":{"minecraft:wooden_axe":1,"minecraft:stick":3,"minecraft:crafting_table":2,"minecraft:lilac":1,"minecraft:chicken":1,"minecraft:ladder":1,"minecraft:torch":3,"minecraft:wooden_pickaxe":1,"minecraft:poisonous_potato":2,"minecraft:oak_log":8,"minecraft:ink_sac":3,"minecraft:diorite":3,"minecraft:gunpowder":3,"minecraft:dirt":19,"minecraft:raw_copper":5,"minecraft:wooden_sword":1,"minecraft:stone_sword":1,"minecraft:bone":1,"minecraft:light_gray_bed":10,"minecraft:wheat_seeds":2,"minecraft:smooth_stone":37,"minecraft:stone_pickaxe":1,"minecraft:cobweb":2,"minecraft:rose_bush":1,"minecraft:light_gray_wool":1,"minecraft:oak_sapling":2,"minecraft:chest":1,"minecraft:oak_planks":7,"minecraft:coal":12,"minecraft:white_wool":25,"minecraft:cobblestone":218},"minecraft:crafted":{"minecraft:wooden_sword":1,"minecraft:oak_planks":20,"minecraft:crafting_table":1,"minecraft:stick":20,"minecraft:wooden_pickaxe":1,"minecraft:stone_pickaxe":2,"minecraft:torch":16},"minecraft:mined":{"minecraft:smooth_stone":39,"minecraft:lilac":1,"minecraft:crafting_table":2,"minecraft:grass":2,"minecraft:coal_ore":12,"minecraft:grass_block":3,"minecraft:oak_log":7,"minecraft:rose_bush":1,"minecraft:dirt":13,"minecraft:light_gray_bed":8,"minecraft:cobblestone":1,"minecraft:copper_ore":1,"minecraft:wall_torch":2,"minecraft:stone":204,"minecraft:white_wool":25,"minecraft:oak_leaves":2},"minecraft:killed_by":{"minecraft:player":5,"minecraft:zombie":1},"minecraft:custom":{"minecraft:time_since_rest":8053,"minecraft:sprint_one_cm":51948,"minecraft:damage_taken":1957,"minecraft:walk_one_cm":77467,"minecraft:drop":2,"minecraft:damage_dealt":191,"minecraft:swim_one_cm":69574,"minecraft:interact_with_crafting_table":5,"minecraft:player_kills":1,"minecraft:fly_one_cm":86386,"minecraft:open_chest":3,"minecraft:crouch_one_cm":2790,"minecraft:play_time":31658,"minecraft:deaths":8,"minecraft:sneak_time":536,"minecraft:walk_under_water_one_cm":15110,"minecraft:jump":584,"minecraft:time_since_death":11856,"minecraft:walk_on_water_one_cm":15461,"minecraft:sleep_in_bed":1,"minecraft:total_world_time":31658,"minecraft:climb_one_cm":144,"minecraft:fall_one_cm":29673},"minecraft:dropped":{"minecraft:ink_sac":1,"minecraft:oak_sapling":1}},"DataVersion":3120}