{"stat.walkOneCm":118973,"stat.pickup.minecraft.bone":4,"stat.pickup.minecraft.stick":17,"stat.useItem.minecraft.stone":1,"stat.leaveGame":4,"stat.pickup.minecraft.gravel":2,"stat.pickup.minecraft.crafting_table":1,"stat.useItem.minecraft.chicken":1,"stat.pickup.minecraft.wooden_shovel":2,"stat.pickup.minecraft.stone_pickaxe":1,"stat.craftItem.minecraft.crafting_table":1,"stat.furnaceInteraction":18,"stat.pickup.minecraft.stone_axe":1,"stat.mineBlock.minecraft.double_plant":4,"stat.drop.minecraft.red_flower":1,"stat.pickup.minecraft.log":77,"stat.jump":635,"stat.swimOneCm":20939,"stat.fallOneCm":11796,"stat.useItem.minecraft.planks":85,"stat.pickup.minecraft.beef":18,"stat.entityKilledBy.Skeleton":1,"stat.useItem.minecraft.stone_axe":85,"stat.pickup.minecraft.stone":3,"stat.crouchOneCm":604,"stat.pickup.minecraft.chicken":1,"stat.pickup.minecraft.sapling":1,"stat.drop.minecraft.egg":2,"stat.pickup.minecraft.dirt":5,"stat.useItem.minecraft.dirt":2,"stat.sprintOneCm":55887,"stat.useItem.minecraft.stone_slab2":23,"stat.pickup.minecraft.cooked_beef":5,"stat.craftItem.minecraft.stick":12,"stat.craftItem.minecraft.wooden_axe":1,"stat.craftingTableInteraction":9,"stat.pickup.minecraft.rotten_flesh":9,"stat.killEntity.Skeleton":1,"stat.pickup.minecraft.sand":55,"stat.useItem.minecraft.glass":8,"stat.craftItem.minecraft.planks":100,"stat.damageTaken":895,"stat.mineBlock.minecraft.crafting_table":1,"stat.pickup.minecraft.leather":17,"stat.drop.minecraft.bone":2,"stat.pickup.minecraft.stone_sword":3,"stat.mineBlock.minecraft.red_flower":1,"stat.craftItem.minecraft.cooked_beef":2,"stat.useItem.minecraft.wooden_shovel":53,"stat.mobKills":12,"stat.pickup.minecraft.cobblestone":2,"stat.mineBlock.minecraft.log":81,"stat.pickup.minecraft.planks":79,"stat.flyOneCm":67226,"stat.mineBlock.minecraft.planks":2,"stat.deaths":2,"stat.drop":12,"stat.pickup.minecraft.wheat_seeds":15,"stat.pickup.minecraft.egg":2,"stat.mineBlock.minecraft.sand":50,"stat.mineBlock.minecraft.leaves":6,"stat.playOneMinute":34538,"stat.craftItem.minecraft.wooden_shovel":1,"stat.entityKilledBy.Zombie":1,"stat.pickup.minecraft.red_flower":1,"stat.useItem.minecraft.cooked_beef":5,"stat.mineBlock.minecraft.glass":1,"stat.sneakTime":439,"stat.useItem.minecraft.stone_sword":49,"stat.damageDealt":1656,"stat.craftItem.minecraft.glass":19,"stat.killEntity.Zombie":2,"stat.timeSinceDeath":6237,"stat.useItem.minecraft.wooden_axe":9,"stat.killEntity.Cow":8,"stat.mineBlock.minecraft.dirt":5,"stat.craftItem.minecraft.wooden_pickaxe":1,"stat.mineBlock.minecraft.tallgrass":72,"stat.diveOneCm":5192,"stat.drop.minecraft.wooden_axe":1,"stat.drop.minecraft.stick":6}