{"stat.walkOneCm":86774,"stat.pickup.minecraft.bone":2,"stat.pickup.minecraft.stick":11,"stat.leaveGame":4,"stat.pickup.minecraft.gravel":2,"stat.pickup.minecraft.crafting_table":1,"stat.useItem.minecraft.chicken":1,"stat.pickup.minecraft.wooden_shovel":1,"stat.craftItem.minecraft.crafting_table":1,"stat.furnaceInteraction":9,"stat.mineBlock.minecraft.double_plant":4,"stat.drop.minecraft.red_flower":1,"stat.pickup.minecraft.log":25,"stat.jump":414,"stat.swimOneCm":17516,"stat.fallOneCm":7638,"stat.useItem.minecraft.planks":75,"stat.pickup.minecraft.beef":10,"stat.entityKilledBy.Skeleton":1,"stat.crouchOneCm":361,"stat.pickup.minecraft.chicken":1,"stat.pickup.minecraft.sapling":1,"stat.drop.minecraft.egg":2,"stat.pickup.minecraft.dirt":1,"stat.sprintOneCm":29018,"stat.useItem.minecraft.stone_slab2":12,"stat.pickup.minecraft.cooked_beef":5,"stat.craftItem.minecraft.stick":12,"stat.craftItem.minecraft.wooden_axe":1,"stat.craftingTableInteraction":8,"stat.killEntity.Skeleton":1,"stat.pickup.minecraft.sand":50,"stat.craftItem.minecraft.planks":100,"stat.damageTaken":600,"stat.mineBlock.minecraft.crafting_table":1,"stat.pickup.minecraft.leather":8,"stat.drop.minecraft.bone":2,"stat.pickup.minecraft.stone_sword":2,"stat.craftItem.minecraft.cooked_beef":2,"stat.useItem.minecraft.wooden_shovel":53,"stat.mobKills":5,"stat.pickup.minecraft.cobblestone":2,"stat.mineBlock.minecraft.log":25,"stat.pickup.minecraft.planks":12,"stat.flyOneCm":27597,"stat.mineBlock.minecraft.planks":2,"stat.deaths":1,"stat.drop":6,"stat.pickup.minecraft.wheat_seeds":10,"stat.pickup.minecraft.egg":2,"stat.mineBlock.minecraft.sand":50,"stat.playOneMinute":21938,"stat.craftItem.minecraft.wooden_shovel":1,"stat.pickup.minecraft.red_flower":1,"stat.useItem.minecraft.cooked_beef":3,"stat.sneakTime":76,"stat.useItem.minecraft.stone_sword":5,"stat.damageDealt":685,"stat.craftItem.minecraft.glass":4,"stat.killEntity.Zombie":1,"stat.timeSinceDeath":2302,"stat.useItem.minecraft.wooden_axe":9,"stat.killEntity.Cow":4,"stat.mineBlock.minecraft.dirt":1,"stat.craftItem.minecraft.wooden_pickaxe":1,"stat.mineBlock.minecraft.tallgrass":61,"stat.diveOneCm":3244,"stat.drop.minecraft.wooden_axe":1}