{"stats":{"minecraft:killed":{"minecraft:spider":1,"minecraft:skeleton":5,"minecraft:chicken":4,"minecraft:pig":12,"minecraft:sheep":7,"minecraft:zombie":3},"minecraft:broken":{"minecraft:stone_pickaxe":4,"minecraft:iron_pickaxe":3,"minecraft:golden_pickaxe":2},"minecraft:used":{"minecraft:stone_sword":20,"minecraft:flint_and_steel":32,"minecraft:chest":3,"minecraft:shield":10,"minecraft:iron_sword":245,"minecraft:torch":87,"minecraft:dirt":17,"minecraft:carrot":6,"minecraft:obsidian":3,"minecraft:light_gray_wool":1,"minecraft:furnace":19,"minecraft:cooked_beef":9,"minecraft:light_gray_bed":3,"minecraft:water_bucket":1,"minecraft:stone_pickaxe":599,"minecraft:wooden_pickaxe":11,"minecraft:crafting_table":5,"minecraft:white_bed":2,"minecraft:dripstone_block":1,"minecraft:black_wool":1,"minecraft:iron_pickaxe":781,"minecraft:gravel":1,"minecraft:stone_axe":34,"minecraft:cobblestone":121,"minecraft:cooked_porkchop":10,"minecraft:porkchop":3,"minecraft:bucket":4,"minecraft:smooth_stone":37,"minecraft:golden_pickaxe":64},"minecraft:picked_up":{"minecraft:wooden_axe":1,"minecraft:crafting_table":4,"minecraft:chicken":5,"minecraft:ladder":2,"minecraft:wooden_pickaxe":2,"minecraft:shield":1,"minecraft:raw_copper":54,"minecraft:wooden_sword":2,"minecraft:cobbled_deepslate":56,"minecraft:smooth_stone":37,"minecraft:bucket":1,"minecraft:rose_bush":1,"minecraft:iron_pickaxe":1,"minecraft:light_gray_wool":1,"minecraft:chest":1,"minecraft:furnace":9,"minecraft:egg":1,"minecraft:raw_iron":63,"minecraft:stick":20,"minecraft:torch":55,"minecraft:porkchop":27,"minecraft:pointed_dripstone":44,"minecraft:diorite":91,"minecraft:carrot":3,"minecraft:stone_sword":2,"minecraft:arrow":6,"minecraft:light_gray_bed":11,"minecraft:mutton":9,"minecraft:white_wool":32,"minecraft:cobblestone":1184,"minecraft:birch_log":13,"minecraft:magma_block":1,"minecraft:lilac":1,"minecraft:feather":4,"minecraft:cooked_beef":6,"minecraft:andesite":88,"minecraft:flint":4,"minecraft:oak_log":42,"minecraft:gunpowder":6,"minecraft:dirt":44,"minecraft:bone":6,"minecraft:wheat_seeds":11,"minecraft:stone_pickaxe":2,"minecraft:iron_ingot":10,"minecraft:cobweb":4,"minecraft:oak_planks":44,"minecraft:iron_sword":1,"minecraft:gravel":13,"minecraft:poisonous_potato":4,"minecraft:dripstone_block":5,"minecraft:ink_sac":3,"minecraft:white_bed":2,"minecraft:stone_axe":1,"minecraft:granite":11,"minecraft:coal":60,"minecraft:oak_sapling":6,"minecraft:black_wool":1,"minecraft:netherrack":11,"minecraft:sunflower":13},"minecraft:crafted":{"minecraft:wooden_sword":1,"minecraft:oak_planks":112,"minecraft:cooked_chicken":4,"minecraft:furnace":10,"minecraft:flint_and_steel":1,"minecraft:iron_boots":1,"minecraft:stone_pickaxe":7,"minecraft:chest":2,"minecraft:cooked_beef":3,"minecraft:cooked_porkchop":20,"minecraft:crafting_table":3,"minecraft:wooden_pickaxe":1,"minecraft:iron_helmet":1,"minecraft:iron_sword":1,"minecraft:bucket":2,"minecraft:birch_planks":36,"minecraft:stone_axe":1,"minecraft:iron_chestplate":1,"minecraft:shield":1,"minecraft:stick":44,"minecraft:iron_ingot":37,"minecraft:iron_pickaxe":4,"minecraft:stone_sword":1,"minecraft:torch":48},"minecraft:mined":{"minecraft:white_bed":1,"minecraft:granite":22,"minecraft:grass_block":7,"minecraft:light_gray_bed":9,"minecraft:smooth_stone":39,"minecraft:magma_block":1,"minecraft:furnace":9,"minecraft:iron_ore":44,"minecraft:fire":3,"minecraft:andesite":74,"minecraft:pointed_dripstone":10,"minecraft:deepslate_iron_ore":5,"minecraft:stone":1019,"minecraft:white_wool":25,"minecraft:crafting_table":4,"minecraft:torch":1,"minecraft:rose_bush":1,"minecraft:cobblestone":12,"minecraft:copper_ore":10,"minecraft:tall_grass":12,"minecraft:diorite":37,"minecraft:wall_torch":5,"minecraft:seagrass":1,"minecraft:birch_log":9,"minecraft:lilac":1,"minecraft:grass":65,"minecraft:coal_ore":32,"minecraft:oak_log":31,"minecraft:dripstone_block":2,"minecraft:sunflower":6,"minecraft:gravel":10,"minecraft:dirt":26,"minecraft:netherrack":14,"minecraft:oak_leaves":3,"minecraft:deepslate":78},"minecraft:killed_by":{"minecraft:player":5,"minecraft:zombie":1},"minecraft:custom":{"minecraft:mob_kills":34,"minecraft:interact_with_crafting_table":27,"minecraft:time_since_death":91128,"minecraft:climb_one_cm":2268,"minecraft:sprint_one_cm":291489,"minecraft:walk_one_cm":393109,"minecraft:damage_blocked_by_shield":295,"minecraft:drop":36,"minecraft:play_time":145658,"minecraft:deaths":9,"minecraft:sneak_time":1009,"minecraft:walk_under_water_one_cm":32170,"minecraft:jump":2927,"minecraft:interact_with_brewingstand":3,"minecraft:walk_on_water_one_cm":27283,"minecraft:total_world_time":145658,"minecraft:interact_with_furnace":41,"minecraft:sleep_in_bed":4,"minecraft:time_since_rest":73161,"minecraft:damage_taken":3873,"minecraft:damage_dealt":3692,"minecraft:swim_one_cm":96889,"minecraft:fly_one_cm":373443,"minecraft:player_kills":1,"minecraft:open_chest":19,"minecraft:crouch_one_cm":4185,"minecraft:fall_one_cm":93940},"minecraft:dropped":{"minecraft:water_bucket":1,"minecraft:iron_ingot":8,"minecraft:iron_sword":1,"minecraft:birch_planks":13,"minecraft:wheat_seeds":6,"minecraft:cooked_porkchop":10,"minecraft:poisonous_potato":2,"minecraft:cobblestone":64,"minecraft:granite":2,"minecraft:cobweb":2,"minecraft:ink_sac":1,"minecraft:sunflower":11,"minecraft:bone":4,"minecraft:cooked_chicken":4,"minecraft:oak_planks":46,"minecraft:shield":1,"minecraft:gunpowder":3,"minecraft:oak_sapling":3,"minecraft:stone_pickaxe":1,"minecraft:egg":1}},"DataVersion":3120}