{"stats":{"minecraft:used":{"minecraft:cooked_mutton":8,"minecraft:stone_sword":6,"minecraft:iron_pickaxe":10,"minecraft:white_wool":1,"minecraft:torch":6,"minecraft:cobblestone":33,"minecraft:crafting_table":1,"minecraft:white_bed":4,"minecraft:cooked_beef":1,"minecraft:cobbled_deepslate":1},"minecraft:picked_up":{"minecraft:stick":2,"minecraft:black_candle":2,"minecraft:cooked_beef":1,"minecraft:andesite":16,"minecraft:torch":18,"minecraft:potato":9,"minecraft:oak_log":18,"minecraft:white_bed":5,"minecraft:yellow_bed":1,"minecraft:gunpowder":2,"minecraft:dirt":13,"minecraft:arrow":1,"minecraft:iron_leggings":1,"minecraft:cooked_mutton":8,"minecraft:bone":3,"minecraft:wheat_seeds":6,"minecraft:cobbled_deepslate":1,"minecraft:carved_pumpkin":1,"minecraft:bread":5,"minecraft:iron_pickaxe":2,"minecraft:mutton":9,"minecraft:white_wool":16,"minecraft:cobblestone":4,"minecraft:sunflower":4},"minecraft:crafted":{"minecraft:oak_planks":72,"minecraft:crafting_table":1,"minecraft:white_bed":2},"minecraft:mined":{"minecraft:white_bed":2,"minecraft:torch":1,"minecraft:grass":23,"minecraft:grass_block":7,"minecraft:sunflower":6,"minecraft:dirt":3,"minecraft:cobblestone":6,"minecraft:deepslate":4},"minecraft:killed_by":{"minecraft:warden":1,"minecraft:skeleton":2,"minecraft:spider":1},"minecraft:custom":{"minecraft:time_since_rest":5927,"minecraft:sprint_one_cm":123563,"minecraft:damage_taken":2033,"minecraft:walk_one_cm":102213,"minecraft:damage_dealt":72,"minecraft:swim_one_cm":28163,"minecraft:interact_with_crafting_table":1,"minecraft:fly_one_cm":165015,"minecraft:player_kills":1,"minecraft:open_chest":11,"minecraft:crouch_one_cm":45747,"minecraft:play_time":45082,"minecraft:deaths":5,"minecraft:sneak_time":9849,"minecraft:walk_under_water_one_cm":5014,"minecraft:jump":1282,"minecraft:leave_game":4,"minecraft:time_since_death":2838,"minecraft:walk_on_water_one_cm":825,"minecraft:sleep_in_bed":3,"minecraft:climb_one_cm":3063,"minecraft:total_world_time":45082,"minecraft:fall_one_cm":56204}},"DataVersion":3120}