{"stats":{"minecraft:used":{"minecraft:cooked_mutton":4,"minecraft:stone_sword":6,"minecraft:cooked_beef":1},"minecraft:picked_up":{"minecraft:cooked_mutton":8,"minecraft:cooked_beef":1,"minecraft:andesite":16,"minecraft:iron_pickaxe":1,"minecraft:dirt":2},"minecraft:mined":{"minecraft:grass":1,"minecraft:grass_block":2},"minecraft:custom":{"minecraft:time_since_rest":8284,"minecraft:open_chest":6,"minecraft:crouch_one_cm":228,"minecraft:sprint_one_cm":33941,"minecraft:play_time":8284,"minecraft:damage_taken":348,"minecraft:walk_one_cm":22929,"minecraft:sneak_time":62,"minecraft:jump":316,"minecraft:damage_dealt":18,"minecraft:leave_game":3,"minecraft:time_since_death":8284,"minecraft:total_world_time":8284,"minecraft:climb_one_cm":1413,"minecraft:fall_one_cm":11594,"minecraft:fly_one_cm":38501}},"DataVersion":3120}