{"stats":{"minecraft:used":{"minecraft:cooked_mutton":8,"minecraft:stone_sword":6,"minecraft:iron_pickaxe":10,"minecraft:torch":4,"minecraft:cobblestone":30,"minecraft:white_bed":1,"minecraft:cooked_beef":1,"minecraft:cobbled_deepslate":1},"minecraft:picked_up":{"minecraft:stick":2,"minecraft:black_candle":2,"minecraft:cooked_beef":1,"minecraft:andesite":16,"minecraft:torch":18,"minecraft:potato":9,"minecraft:white_bed":2,"minecraft:yellow_bed":1,"minecraft:dirt":5,"minecraft:iron_leggings":1,"minecraft:cooked_mutton":8,"minecraft:cobbled_deepslate":1,"minecraft:bread":5,"minecraft:iron_pickaxe":2,"minecraft:mutton":9,"minecraft:cobblestone":4},"minecraft:mined":{"minecraft:torch":1,"minecraft:grass":1,"minecraft:grass_block":2,"minecraft:cobblestone":6,"minecraft:deepslate":4},"minecraft:custom":{"minecraft:time_since_rest":20284,"minecraft:sprint_one_cm":63843,"minecraft:damage_taken":778,"minecraft:walk_one_cm":46369,"minecraft:damage_dealt":57,"minecraft:swim_one_cm":28163,"minecraft:fly_one_cm":55468,"minecraft:player_kills":1,"minecraft:open_chest":7,"minecraft:crouch_one_cm":28945,"minecraft:play_time":20284,"minecraft:sneak_time":6177,"minecraft:walk_under_water_one_cm":5014,"minecraft:jump":458,"minecraft:leave_game":3,"minecraft:time_since_death":20284,"minecraft:walk_on_water_one_cm":825,"minecraft:climb_one_cm":1413,"minecraft:total_world_time":20284,"minecraft:fall_one_cm":18315}},"DataVersion":3120}