{"stats":{"minecraft:used":{"minecraft:cooked_mutton":8,"minecraft:stone_sword":6,"minecraft:iron_pickaxe":10,"minecraft:torch":6,"minecraft:cobblestone":33,"minecraft:white_bed":1,"minecraft:cooked_beef":1,"minecraft:cobbled_deepslate":1},"minecraft:picked_up":{"minecraft:stick":2,"minecraft:black_candle":2,"minecraft:cooked_beef":1,"minecraft:andesite":16,"minecraft:torch":18,"minecraft:potato":9,"minecraft:oak_log":18,"minecraft:white_bed":2,"minecraft:yellow_bed":1,"minecraft:dirt":5,"minecraft:iron_leggings":1,"minecraft:cooked_mutton":8,"minecraft:wheat_seeds":3,"minecraft:cobbled_deepslate":1,"minecraft:carved_pumpkin":1,"minecraft:bread":5,"minecraft:iron_pickaxe":2,"minecraft:mutton":9,"minecraft:white_wool":16,"minecraft:cobblestone":4},"minecraft:mined":{"minecraft:torch":1,"minecraft:grass":1,"minecraft:grass_block":2,"minecraft:cobblestone":6,"minecraft:deepslate":4},"minecraft:killed_by":{"minecraft:warden":1},"minecraft:custom":{"minecraft:time_since_rest":3636,"minecraft:sprint_one_cm":107343,"minecraft:damage_taken":1193,"minecraft:walk_one_cm":68775,"minecraft:damage_dealt":57,"minecraft:swim_one_cm":28163,"minecraft:fly_one_cm":129333,"minecraft:player_kills":1,"minecraft:open_chest":11,"minecraft:crouch_one_cm":45557,"minecraft:play_time":32284,"minecraft:deaths":2,"minecraft:sneak_time":9727,"minecraft:walk_under_water_one_cm":5014,"minecraft:jump":890,"minecraft:leave_game":3,"minecraft:time_since_death":3597,"minecraft:walk_on_water_one_cm":825,"minecraft:climb_one_cm":3063,"minecraft:total_world_time":32284,"minecraft:fall_one_cm":35137}},"DataVersion":3120}