{"stat.drop.minecraft.stone_pickaxe":1,"stat.pickup.minecraft.bone":24,"stat.pickup.supertools.hammeriron":1,"stat.leaveGame":6,"stat.mineBlock.minecraft.cobblestone":124,"stat.pickup.minecraft.stone_pickaxe":1,"stat.pickup.minecraft.flint":8,"stat.mineBlock.srparasites.gore":21,"stat.drop.minecraft.shield":1,"stat.swimOneCm":38332,"stat.useItem.minecraft.planks":115,"stat.craftItem.minecraft.shield":2,"stat.pickup.minecraft.glass":15,"stat.useItem.minecraft.dirt":112,"stat.useItem.minecraft.stone_slab2":95,"stat.pickup.minecraft.bow":5,"stat.pickup.minecraft.iron_boots":6,"stat.pickup.herobrine.bedrock_sword":1,"stat.mineBlock.minecraft.red_mushroom":1,"stat.drop.minecraft.iron_sword":1,"stat.pickup.minecraft.rotten_flesh":73,"stat.pickup.minecraft.sand":219,"stat.craftItem.minecraft.furnace":3,"stat.entityKilledBy.Spider":1,"stat.useItem.minecraft.egg":2,"stat.craftItem.minecraft.stone_axe":3,"stat.craftItem.minecraft.iron_boots":3,"stat.useItem.minecraft.iron_ore":2,"stat.craftItem.minecraft.stone_pickaxe":23,"stat.craftItem.minecraft.cooked_beef":24,"stat.killEntity.Enderman":1,"stat.pickup.minecraft.cobblestone":3886,"stat.pickup.minecraft.diamond_leggings":1,"stat.useItem.supertools.hammeriron":106,"stat.craftItem.minecraft.stone_sword":2,"stat.flyOneCm":821855,"stat.drop.minecraft.iron_helmet":1,"stat.craftItem.minecraft.iron_shovel":1,"stat.useItem.minecraft.ender_pearl":7,"stat.mineBlock.minecraft.sand":34,"stat.useItem.minecraft.cooked_beef":43,"stat.pickup.minecraft.redstone":95,"stat.mineBlock.minecraft.iron_ore":190,"stat.timeSinceDeath":42594,"stat.useItem.minecraft.iron_pickaxe":858,"stat.craftItem.minecraft.wooden_pickaxe":1,"stat.useItem.minecraft.iron_shovel":141,"stat.pickup.cgm.basic_ammo":250,"stat.pickup.minecraft.wooden_axe":3,"stat.useItem.minecraft.oak_stairs":3,"stat.furnaceInteraction":129,"stat.pickup.minecraft.iron_shovel":2,"stat.killEntity.ZombieVillager":1,"stat.pickup.srparasites.lurecomponent2":6,"stat.mineBlock.minecraft.coal_ore":117,"stat.pickup.srparasites.lurecomponent1":10,"stat.killEntity.Creeper":5,"stat.pickup.minecraft.shield":2,"stat.pickup.minecraft.string":28,"stat.pickup.cgm.advanced_ammo":64,"stat.pickup.minecraft.beef":88,"stat.pickup.minecraft.furnace":1,"stat.craftItem.minecraft.stone_slab2":0,"stat.killEntity.Squid":1,"stat.sprintOneCm":741280,"stat.pickup.minecraft.iron_chestplate":1,"stat.useItem.minecraft.fence":1,"stat.craftItem.minecraft.stick":332,"stat.mineBlock.minecraft.diamond_ore":12,"stat.mineBlock.minecraft.fence":1,"stat.useItem.minecraft.beef":6,"stat.deaths":8,"stat.mineBlock.minecraft.planks":8,"stat.drop":49,"stat.pickup.minecraft.egg":18,"stat.playOneMinute":278160,"stat.craftItem.minecraft.iron_pickaxe":5,"stat.killEntity.Zombie":49,"stat.mineBlock.minecraft.gold_ore":2,"stat.mineBlock.minecraft.tallgrass":49,"stat.diveOneCm":13357,"stat.chestOpened":96,"stat.useItem.minecraft.stone":45,"stat.pickup.minecraft.gravel":58,"stat.pickup.minecraft.arrow":17,"stat.pickup.minecraft.iron_sword":3,"stat.drop.minecraft.cooked_beef":30,"stat.useItem.minecraft.chicken":2,"stat.pickup.minecraft.stone_axe":3,"stat.useItem.minecraft.rotten_flesh":21,"stat.drop.minecraft.iron_pickaxe":2,"stat.craftItem.minecraft.iron_nugget":45,"stat.jump":4292,"stat.useItem.minecraft.sand":21,"stat.pickup.minecraft.fence":1,"stat.pickup.minecraft.coal":157,"stat.pickup.minecraft.iron_helmet":2,"stat.fallOneCm":90223,"stat.pickup.minecraft.iron_ingot":20,"stat.drop.minecraft.stone":4,"stat.craftItem.supertools.hammerstone":2,"stat.useItem.minecraft.stone_axe":148,"stat.drop.minecraft.stone_sword":1,"stat.pickup.minecraft.gunpowder":122,"stat.crouchOneCm":112242,"stat.pickup.minecraft.spider_eye":16,"stat.craftItem.minecraft.torch":192,"stat.craftItem.minecraft.chest":2,"stat.craftItem.minecraft.iron_ingot":105,"stat.pickup.minecraft.dirt":581,"stat.craftItem.minecraft.iron_helmet":2,"stat.pickup.minecraft.red_mushroom":1,"stat.drop.minecraft.iron_shovel":1,"stat.pickup.cgm.assault_rifle":3,"stat.useItem.minecraft.cooked_chicken":15,"stat.craftingTableInteraction":56,"stat.pickup.minecraft.iron_ore":210,"stat.useItem.minecraft.glass":21,"stat.pickup.minecraft.gold_ore":2,"stat.mineBlock.minecraft.lapis_ore":5,"stat.pickup.minecraft.wooden_pickaxe":3,"stat.damageTaken":6154,"stat.pickup.minecraft.feather":27,"stat.pickup.minecraft.leather":37,"stat.mineBlock.minecraft.red_flower":6,"stat.mineBlock.minecraft.furnace":1,"stat.mineBlock.minecraft.torch":55,"stat.useItem.minecraft.wooden_pickaxe":27,"stat.mineBlock.minecraft.sapling":1,"stat.pickup.srparasites.assimilated_flesh":13,"stat.pickup.minecraft.dye":132,"stat.pickup.minecraft.planks":12,"stat.pickup.minecraft.reeds":27,"stat.craftItem.cgm.workbench":1,"stat.pickup.minecraft.iron_leggings":2,"stat.pickup.minecraft.wheat_seeds":23,"stat.entityKilledBy.Zombie":2,"stat.mineBlock.minecraft.gravel":23,"stat.useItem.minecraft.stone_pickaxe":372,"stat.mineBlock.minecraft.glass":1,"stat.useItem.minecraft.stone_sword":96,"stat.craftItem.minecraft.iron_leggings":3,"stat.damageDealt":17021,"stat.craftItem.minecraft.glass":27,"stat.craftItem.minecraft.oak_stairs":4,"stat.killEntity.Cow":36,"stat.mineBlock.minecraft.dirt":173,"stat.craftItem.minecraft.iron_sword":2,"stat.walkOneCm":707830,"stat.useItem.minecraft.torch":201,"stat.pickup.minecraft.stick":242,"stat.pickup.minecraft.iron_nugget":13,"stat.useItem.minecraft.log":4,"stat.pickup.minecraft.crafting_table":2,"stat.useItem.minecraft.cobblestone":1262,"stat.craftItem.minecraft.crafting_table":2,"stat.pickup.cgm.handgun":3,"stat.pickup.cgm.rifle":1,"stat.pickup.minecraft.log":171,"stat.drop.minecraft.chicken":2,"stat.pickup.minecraft.iron_pickaxe":2,"stat.pickup.wolfarmor.diamond_wolf_armor":1,"stat.pickup.minecraft.stone":362,"stat.drop.minecraft.planks":1,"stat.craftItem.minecraft.iron_chestplate":1,"stat.pickup.minecraft.chicken":21,"stat.pickup.minecraft.sapling":24,"stat.pickup.minecraft.ender_pearl":16,"stat.drop.minecraft.egg":2,"stat.pickup.minecraft.wooden_door":2,"stat.useItem.supertools.hammerstone":131,"stat.pickup.minecraft.cooked_beef":75,"stat.killEntity.Skeleton":9,"stat.pickup.cgm.shotgun":1,"stat.craftItem.minecraft.planks":328,"stat.useItem.minecraft.iron_sword":275,"stat.killEntity.Chicken":19,"stat.killEntity.Spider":14,"stat.drop.cgm.handgun":1,"stat.pickup.minecraft.stone_sword":2,"stat.mobKills":192,"stat.mineBlock.minecraft.log":108,"stat.craftItem.minecraft.wooden_door":3,"stat.craftItem.minecraft.fence":96,"stat.craftItem.minecraft.cooked_chicken":15,"stat.pickup.cgm.machine_pistol":1,"stat.useItem.minecraft.wooden_door":2,"stat.pickup.minecraft.diamond":24,"stat.mineBlock.minecraft.leaves":127,"stat.pickup.minecraft.torch":226,"stat.pickup.minecraft.red_flower":15,"stat.mineBlock.minecraft.redstone_ore":30,"stat.sneakTime":29892,"stat.useItem.herobrine.bedrock_sword":6,"stat.useItem.minecraft.wooden_axe":8,"stat.mineBlock.minecraft.stone":2719,"stat.drop.minecraft.grass":1}