{"stat.chestOpened":1,"stat.pickup.minecraft.bone":10,"stat.useItem.minecraft.stone":1,"stat.leaveGame":1,"stat.pickup.minecraft.arrow":8,"stat.drop.minecraft.cooked_beef":4,"stat.mineBlock.minecraft.cobblestone":2,"stat.useItem.minecraft.chicken":1,"stat.pickup.minecraft.stone_pickaxe":1,"stat.pickup.minecraft.stone_axe":2,"stat.useItem.minecraft.rotten_flesh":5,"stat.jump":611,"stat.swimOneCm":8915,"stat.pickup.minecraft.coal":32,"stat.fallOneCm":15440,"stat.useItem.minecraft.planks":114,"stat.drop.minecraft.stone":4,"stat.useItem.minecraft.stone_axe":81,"stat.drop.minecraft.stone_sword":1,"stat.crouchOneCm":9033,"stat.pickup.minecraft.glass":15,"stat.pickup.minecraft.spider_eye":4,"stat.craftItem.minecraft.torch":8,"stat.craftItem.minecraft.chest":1,"stat.useItem.minecraft.dirt":21,"stat.pickup.minecraft.dirt":60,"stat.pickup.minecraft.red_mushroom":1,"stat.useItem.minecraft.stone_slab2":22,"stat.pickup.minecraft.bow":2,"stat.mineBlock.minecraft.red_mushroom":1,"stat.craftingTableInteraction":14,"stat.pickup.minecraft.iron_ore":29,"stat.pickup.minecraft.rotten_flesh":15,"stat.useItem.minecraft.glass":21,"stat.craftItem.minecraft.furnace":1,"stat.entityKilledBy.Spider":1,"stat.useItem.minecraft.egg":2,"stat.craftItem.minecraft.stone_axe":2,"stat.pickup.minecraft.wooden_pickaxe":3,"stat.damageTaken":1223,"stat.pickup.minecraft.feather":6,"stat.pickup.minecraft.leather":3,"stat.useItem.minecraft.iron_ore":2,"stat.mineBlock.minecraft.red_flower":6,"stat.craftItem.minecraft.stone_pickaxe":3,"stat.mineBlock.minecraft.furnace":1,"stat.mineBlock.minecraft.torch":2,"stat.useItem.minecraft.wooden_pickaxe":27,"stat.craftItem.minecraft.cooked_beef":1,"stat.pickup.minecraft.cobblestone":52,"stat.pickup.minecraft.planks":10,"stat.pickup.minecraft.reeds":27,"stat.craftItem.minecraft.stone_sword":2,"stat.flyOneCm":99395,"stat.pickup.minecraft.wheat_seeds":12,"stat.entityKilledBy.Zombie":2,"stat.useItem.minecraft.stone_pickaxe":66,"stat.useItem.minecraft.cooked_beef":5,"stat.useItem.minecraft.stone_sword":68,"stat.damageDealt":3119,"stat.craftItem.minecraft.glass":26,"stat.mineBlock.minecraft.iron_ore":29,"stat.timeSinceDeath":6303,"stat.craftItem.minecraft.oak_stairs":4,"stat.killEntity.Cow":2,"stat.mineBlock.minecraft.dirt":20,"stat.craftItem.minecraft.wooden_pickaxe":1,"stat.walkOneCm":130762,"stat.useItem.minecraft.torch":7,"stat.pickup.minecraft.stick":6,"stat.pickup.minecraft.wooden_axe":3,"stat.useItem.minecraft.log":4,"stat.pickup.minecraft.crafting_table":2,"stat.useItem.minecraft.oak_stairs":3,"stat.useItem.minecraft.cobblestone":1,"stat.furnaceInteraction":22,"stat.craftItem.minecraft.crafting_table":1,"stat.mineBlock.minecraft.coal_ore":27,"stat.killEntity.Creeper":1,"stat.pickup.minecraft.log":99,"stat.pickup.minecraft.string":8,"stat.drop.minecraft.chicken":2,"stat.pickup.minecraft.beef":4,"stat.pickup.minecraft.furnace":1,"stat.craftItem.minecraft.stone_slab2":0,"stat.pickup.minecraft.stone":10,"stat.pickup.minecraft.chicken":3,"stat.pickup.minecraft.sapling":11,"stat.drop.minecraft.egg":1,"stat.sprintOneCm":126359,"stat.pickup.minecraft.wooden_door":2,"stat.pickup.minecraft.cooked_beef":11,"stat.craftItem.minecraft.stick":24,"stat.killEntity.Skeleton":2,"stat.craftItem.minecraft.planks":208,"stat.killEntity.Chicken":2,"stat.killEntity.Spider":3,"stat.pickup.minecraft.stone_sword":2,"stat.mobKills":22,"stat.mineBlock.minecraft.log":56,"stat.craftItem.minecraft.wooden_door":3,"stat.useItem.minecraft.beef":4,"stat.useItem.minecraft.wooden_door":2,"stat.deaths":3,"stat.mineBlock.minecraft.planks":8,"stat.drop":12,"stat.mineBlock.minecraft.leaves":41,"stat.pickup.minecraft.egg":3,"stat.playOneMinute":47363,"stat.pickup.minecraft.torch":4,"stat.pickup.minecraft.red_flower":15,"stat.sneakTime":3277,"stat.killEntity.Zombie":9,"stat.useItem.minecraft.wooden_axe":8,"stat.mineBlock.minecraft.stone":32,"stat.mineBlock.minecraft.tallgrass":28,"stat.diveOneCm":3259}