{"stats":{"minecraft:killed":{"minecraft:pig":3,"minecraft:spider":1,"minecraft:sheep":3,"minecraft:skeleton":2,"minecraft:zombie":3,"minecraft:chicken":2,"minecraft:cow":4},"minecraft:used":{"minecraft:netherite_sword":8,"minecraft:stone_sword":7,"minecraft:diamond_boots":2,"minecraft:stone_pickaxe":68,"minecraft:wooden_pickaxe":15,"minecraft:oak_leaves":23,"minecraft:torch":2,"minecraft:white_wool":43,"minecraft:dirt":4,"minecraft:mutton":2,"minecraft:crafting_table":6,"minecraft:white_bed":2,"minecraft:lava_bucket":3,"minecraft:oak_stairs":1,"minecraft:bread":14,"minecraft:grass_block":16,"minecraft:birch_sapling":1,"minecraft:stone_axe":25,"minecraft:diamond_sword":6,"minecraft:cobblestone":48,"minecraft:oak_sapling":4,"minecraft:egg":1,"minecraft:diamond_leggings":3},"minecraft:picked_up":{"minecraft:wooden_axe":2,"minecraft:birch_log":7,"minecraft:crafting_table":6,"minecraft:feather":5,"minecraft:chicken":1,"minecraft:leather":6,"minecraft:diamond_sword":2,"minecraft:wooden_pickaxe":2,"minecraft:oak_stairs":2,"minecraft:birch_planks":4,"minecraft:oak_log":23,"minecraft:yellow_bed":1,"minecraft:string":2,"minecraft:dirt":16,"minecraft:bone":4,"minecraft:wheat_seeds":3,"minecraft:diamond_leggings":2,"minecraft:beef":7,"minecraft:stone_pickaxe":1,"minecraft:rose_bush":1,"minecraft:calcite":1,"minecraft:poppy":1,"minecraft:birch_sapling":1,"minecraft:oak_planks":17,"minecraft:furnace":1,"minecraft:egg":4,"minecraft:raw_iron":1,"minecraft:stick":12,"minecraft:torch":3,"minecraft:porkchop":5,"minecraft:ink_sac":1,"minecraft:grass_block":2,"minecraft:white_bed":5,"minecraft:rotten_flesh":1,"minecraft:stone_sword":2,"minecraft:arrow":4,"minecraft:stone_axe":1,"minecraft:diamond_boots":2,"minecraft:hay_block":42,"minecraft:bread":55,"minecraft:coal":3,"minecraft:oak_sapling":4,"minecraft:mutton":5,"minecraft:cobblestone":85,"minecraft:white_wool":6,"minecraft:sunflower":12},"minecraft:crafted":{"minecraft:oak_planks":72,"minecraft:crafting_table":3,"minecraft:wooden_pickaxe":1,"minecraft:furnace":1,"minecraft:stone_axe":1,"minecraft:bread":126,"minecraft:stick":8,"minecraft:stone_pickaxe":2,"minecraft:stone_sword":1,"minecraft:torch":12,"minecraft:wheat":378},"minecraft:mined":{"minecraft:oak_sapling":1,"minecraft:white_bed":2,"minecraft:powder_snow":6,"minecraft:crafting_table":3,"minecraft:grass_block":7,"minecraft:tall_grass":3,"minecraft:wall_torch":2,"minecraft:hay_block":39,"minecraft:birch_log":7,"minecraft:iron_ore":1,"minecraft:birch_leaves":8,"minecraft:yellow_bed":1,"minecraft:grass":17,"minecraft:coal_ore":4,"minecraft:oak_log":14,"minecraft:oak_stairs":1,"minecraft:sunflower":8,"minecraft:dirt":8,"minecraft:stone":67,"minecraft:oak_leaves":9},"minecraft:killed_by":{"minecraft:player":1},"minecraft:custom":{"minecraft:mob_kills":18,"minecraft:interact_with_crafting_table":11,"minecraft:bell_ring":13,"minecraft:leave_game":1,"minecraft:time_since_death":10665,"minecraft:sleep_in_bed":2,"minecraft:climb_one_cm":1598,"minecraft:time_since_rest":10693,"minecraft:sprint_one_cm":139283,"minecraft:damage_taken":1056,"minecraft:walk_one_cm":124959,"minecraft:trigger_trapped_chest":3,"minecraft:drop":82,"minecraft:damage_dealt":2732,"minecraft:fly_one_cm":511265,"minecraft:player_kills":7,"minecraft:open_chest":3,"minecraft:crouch_one_cm":6554,"minecraft:play_time":90760,"minecraft:deaths":3,"minecraft:sneak_time":3325,"minecraft:walk_under_water_one_cm":32999,"minecraft:jump":1370,"minecraft:walk_on_water_one_cm":3702,"minecraft:total_world_time":90760,"minecraft:fall_one_cm":37449},"minecraft:dropped":{"minecraft:bread":64,"minecraft:porkchop":1,"minecraft:birch_planks":4,"minecraft:birch_leaves":1,"minecraft:stone_sword":2,"minecraft:crafting_table":1,"minecraft:birch_sapling":1,"minecraft:diamond_leggings":5,"minecraft:feather":4,"minecraft:cobblestone":13,"minecraft:oak_planks":16,"minecraft:apple":4,"minecraft:white_bed":2,"minecraft:grass_block":7,"minecraft:stick":3,"minecraft:poppy":1,"minecraft:diamond_sword":2,"minecraft:dirt":1,"minecraft:ink_sac":1,"minecraft:mutton":1,"minecraft:wooden_axe":2,"minecraft:rose_bush":1,"minecraft:diamond_boots":3,"minecraft:sunflower":10,"minecraft:arrow":4,"minecraft:stone_pickaxe":1,"minecraft:wooden_pickaxe":2,"minecraft:calcite":1,"minecraft:oak_leaves":3,"minecraft:white_wool":4,"minecraft:bone":4,"minecraft:egg":2}},"DataVersion":3120}