{"stat.pickup.minecraft.rotten_flesh":14,"stat.chestOpened":4,"stat.walkOneCm":113491,"stat.drop.malisisdoors.big_door_spruce_3x3":3,"stat.pickup.minecraft.bone":1,"stat.killEntity.Horse":1,"stat.entityKilledBy.Spider":1,"stat.entityKilledBy.mutantbeasts.mutant_enderman":1,"stat.leaveGame":2,"stat.pickup.minecraft.grass":1,"stat.pickup.minecraft.arrow":2,"stat.damageTaken":725,"stat.drop.modularwarfare.tcp.7_62":64,"stat.pickup.minecraft.leather":1,"stat.killEntity.Spider":2,"stat.drop.cgm.handgun":1,"stat.killEntity.Husk":2,"stat.drop.modularwarfare.tcp.m24a2ammo":1,"stat.mobKills":30,"stat.pickup.minecraft.string":2,"stat.flyOneCm":201065,"stat.deaths":3,"stat.drop":11,"stat.drop.modularwarfare.tcp.scope_acog":1,"stat.jump":301,"stat.swimOneCm":220,"stat.playOneMinute":57649,"stat.killEntity.Witch":2,"stat.fallOneCm":5015,"stat.drop.cgm.workbench":1,"stat.sneakTime":1018,"stat.damageDealt":68,"stat.pickup.malisisdoors.big_door_spruce_3x3":2,"stat.crouchOneCm":3673,"stat.killEntity.Zombie":22,"stat.timeSinceDeath":51532,"stat.drop.modularwarfare.tcp.m24a2":1,"stat.drop.cgm.chain_gun":1,"stat.sprintOneCm":45321,"stat.useItem.minecraft.stone_slab2":4,"stat.drop.minecraft.grass":1,"stat.mineBlock.minecraft.tallgrass":3,"stat.diveOneCm":223}