{"stat.pickup.minecraft.bone":13,"stat.leaveGame":2,"stat.mineBlock.minecraft.cobblestone":39,"stat.pickup.minecraft.stone_pickaxe":1,"stat.drop.minecraft.shield":1,"stat.swimOneCm":13310,"stat.useItem.minecraft.planks":114,"stat.craftItem.minecraft.shield":1,"stat.pickup.minecraft.glass":15,"stat.useItem.minecraft.dirt":21,"stat.useItem.minecraft.stone_slab2":59,"stat.pickup.minecraft.bow":3,"stat.mineBlock.minecraft.red_mushroom":1,"stat.pickup.minecraft.rotten_flesh":43,"stat.pickup.minecraft.sand":183,"stat.craftItem.minecraft.furnace":2,"stat.entityKilledBy.Spider":1,"stat.useItem.minecraft.egg":2,"stat.craftItem.minecraft.stone_axe":2,"stat.craftItem.minecraft.iron_boots":2,"stat.useItem.minecraft.iron_ore":2,"stat.craftItem.minecraft.stone_pickaxe":5,"stat.craftItem.minecraft.cooked_beef":4,"stat.pickup.minecraft.cobblestone":777,"stat.craftItem.minecraft.stone_sword":2,"stat.flyOneCm":310615,"stat.drop.minecraft.iron_helmet":1,"stat.useItem.minecraft.cooked_beef":11,"stat.mineBlock.minecraft.iron_ore":55,"stat.timeSinceDeath":71744,"stat.useItem.minecraft.iron_pickaxe":357,"stat.craftItem.minecraft.wooden_pickaxe":1,"stat.pickup.minecraft.wooden_axe":3,"stat.useItem.minecraft.oak_stairs":3,"stat.furnaceInteraction":71,"stat.killEntity.ZombieVillager":1,"stat.mineBlock.minecraft.coal_ore":86,"stat.killEntity.Creeper":1,"stat.pickup.minecraft.string":15,"stat.pickup.minecraft.beef":72,"stat.pickup.minecraft.furnace":1,"stat.craftItem.minecraft.stone_slab2":0,"stat.sprintOneCm":323965,"stat.useItem.minecraft.fence":1,"stat.craftItem.minecraft.stick":176,"stat.mineBlock.minecraft.fence":1,"stat.useItem.minecraft.beef":6,"stat.deaths":3,"stat.mineBlock.minecraft.planks":8,"stat.drop":16,"stat.pickup.minecraft.egg":9,"stat.playOneMinute":112804,"stat.craftItem.minecraft.iron_pickaxe":3,"stat.killEntity.Zombie":26,"stat.mineBlock.minecraft.tallgrass":42,"stat.diveOneCm":5447,"stat.chestOpened":35,"stat.useItem.minecraft.stone":19,"stat.pickup.minecraft.gravel":14,"stat.pickup.minecraft.arrow":11,"stat.drop.minecraft.cooked_beef":4,"stat.useItem.minecraft.chicken":1,"stat.pickup.minecraft.stone_axe":2,"stat.useItem.minecraft.rotten_flesh":21,"stat.drop.minecraft.iron_pickaxe":2,"stat.jump":1778,"stat.pickup.minecraft.fence":1,"stat.pickup.minecraft.coal":95,"stat.fallOneCm":38637,"stat.pickup.minecraft.iron_ingot":20,"stat.drop.minecraft.stone":4,"stat.useItem.minecraft.stone_axe":90,"stat.drop.minecraft.stone_sword":1,"stat.crouchOneCm":36435,"stat.pickup.minecraft.spider_eye":7,"stat.craftItem.minecraft.torch":108,"stat.craftItem.minecraft.chest":1,"stat.craftItem.minecraft.iron_ingot":38,"stat.pickup.minecraft.dirt":411,"stat.craftItem.minecraft.iron_helmet":2,"stat.pickup.minecraft.red_mushroom":1,"stat.useItem.minecraft.cooked_chicken":8,"stat.craftingTableInteraction":39,"stat.pickup.minecraft.iron_ore":73,"stat.useItem.minecraft.glass":21,"stat.pickup.minecraft.wooden_pickaxe":3,"stat.damageTaken":2311,"stat.pickup.minecraft.feather":23,"stat.pickup.minecraft.leather":19,"stat.mineBlock.minecraft.red_flower":6,"stat.mineBlock.minecraft.furnace":1,"stat.mineBlock.minecraft.torch":32,"stat.useItem.minecraft.wooden_pickaxe":27,"stat.mineBlock.minecraft.sapling":1,"stat.pickup.minecraft.planks":10,"stat.pickup.minecraft.reeds":27,"stat.pickup.minecraft.wheat_seeds":14,"stat.entityKilledBy.Zombie":2,"stat.useItem.minecraft.stone_pickaxe":335,"stat.mineBlock.minecraft.glass":1,"stat.useItem.minecraft.stone_sword":96,"stat.craftItem.minecraft.iron_leggings":2,"stat.damageDealt":10545,"stat.craftItem.minecraft.glass":27,"stat.craftItem.minecraft.oak_stairs":4,"stat.killEntity.Cow":28,"stat.mineBlock.minecraft.dirt":72,"stat.craftItem.minecraft.iron_sword":1,"stat.walkOneCm":318461,"stat.useItem.minecraft.torch":104,"stat.pickup.minecraft.stick":6,"stat.useItem.minecraft.log":4,"stat.pickup.minecraft.crafting_table":2,"stat.useItem.minecraft.cobblestone":401,"stat.craftItem.minecraft.crafting_table":1,"stat.pickup.minecraft.log":109,"stat.drop.minecraft.chicken":2,"stat.pickup.minecraft.stone":79,"stat.craftItem.minecraft.iron_chestplate":1,"stat.pickup.minecraft.chicken":19,"stat.pickup.minecraft.sapling":11,"stat.drop.minecraft.egg":1,"stat.pickup.minecraft.wooden_door":2,"stat.pickup.minecraft.cooked_beef":15,"stat.killEntity.Skeleton":4,"stat.craftItem.minecraft.planks":220,"stat.useItem.minecraft.iron_sword":148,"stat.killEntity.Chicken":18,"stat.killEntity.Spider":5,"stat.pickup.minecraft.stone_sword":2,"stat.mobKills":88,"stat.mineBlock.minecraft.log":66,"stat.craftItem.minecraft.wooden_door":3,"stat.craftItem.minecraft.fence":96,"stat.craftItem.minecraft.cooked_chicken":15,"stat.useItem.minecraft.wooden_door":2,"stat.mineBlock.minecraft.leaves":44,"stat.pickup.minecraft.torch":33,"stat.pickup.minecraft.red_flower":15,"stat.sneakTime":11639,"stat.useItem.minecraft.wooden_axe":8,"stat.mineBlock.minecraft.stone":532}