{"stats":{"minecraft:killed":{"minecraft:sheep":2,"minecraft:skeleton":2,"minecraft:zombie":2,"minecraft:pig":2,"minecraft:chicken":2,"minecraft:spider":1},"minecraft:used":{"minecraft:diamond_boots":1,"minecraft:grass_block":9,"minecraft:birch_sapling":1,"minecraft:oak_leaves":23,"minecraft:white_wool":42,"minecraft:diamond_sword":6,"minecraft:dirt":2,"minecraft:diamond_leggings":1},"minecraft:picked_up":{"minecraft:feather":1,"minecraft:chicken":1,"minecraft:torch":2,"minecraft:diamond_sword":2,"minecraft:birch_planks":4,"minecraft:porkchop":2,"minecraft:grass_block":2,"minecraft:string":2,"minecraft:bone":4,"minecraft:arrow":4,"minecraft:diamond_boots":1,"minecraft:rose_bush":1,"minecraft:calcite":1,"minecraft:mutton":3,"minecraft:birch_sapling":1,"minecraft:white_wool":2,"minecraft:egg":1},"minecraft:mined":{"minecraft:birch_leaves":8,"minecraft:oak_leaves":6},"minecraft:custom":{"minecraft:time_since_rest":54760,"minecraft:sprint_one_cm":51147,"minecraft:damage_taken":140,"minecraft:walk_one_cm":50566,"minecraft:trigger_trapped_chest":3,"minecraft:mob_kills":11,"minecraft:drop":28,"minecraft:damage_dealt":1166,"minecraft:player_kills":2,"minecraft:fly_one_cm":307032,"minecraft:open_chest":2,"minecraft:crouch_one_cm":1842,"minecraft:play_time":54760,"minecraft:sneak_time":1506,"minecraft:walk_under_water_one_cm":21883,"minecraft:jump":559,"minecraft:leave_game":1,"minecraft:walk_on_water_one_cm":1693,"minecraft:time_since_death":54760,"minecraft:climb_one_cm":1044,"minecraft:total_world_time":54760,"minecraft:fall_one_cm":11129},"minecraft:dropped":{"minecraft:diamond_sword":2,"minecraft:dirt":1,"minecraft:birch_planks":4,"minecraft:porkchop":1,"minecraft:birch_leaves":1,"minecraft:mutton":1,"minecraft:rose_bush":1,"minecraft:birch_sapling":1,"minecraft:diamond_leggings":1,"minecraft:diamond_boots":1,"minecraft:arrow":4,"minecraft:calcite":1,"minecraft:oak_leaves":3,"minecraft:white_wool":1,"minecraft:grass_block":7,"minecraft:bone":4}},"DataVersion":3120}