{"stats":{"minecraft:dropped":{"minecraft:dirt":1,"minecraft:birch_leaves":1,"minecraft:mutton":1,"minecraft:white_wool":1,"minecraft:oak_leaves":3,"minecraft:grass_block":3,"minecraft:birch_sapling":1},"minecraft:custom":{"minecraft:time_since_rest":29102,"minecraft:crouch_one_cm":1001,"minecraft:play_time":29102,"minecraft:sprint_one_cm":25996,"minecraft:damage_taken":140,"minecraft:walk_one_cm":15532,"minecraft:sneak_time":852,"minecraft:mob_kills":1,"minecraft:drop":11,"minecraft:jump":333,"minecraft:damage_dealt":103,"minecraft:leave_game":1,"minecraft:time_since_death":29102,"minecraft:total_world_time":29102,"minecraft:fall_one_cm":11129,"minecraft:fly_one_cm":166524},"minecraft:picked_up":{"minecraft:mutton":1,"minecraft:birch_sapling":1,"minecraft:white_wool":1},"minecraft:mined":{"minecraft:birch_leaves":8,"minecraft:oak_leaves":6},"minecraft:killed":{"minecraft:sheep":1},"minecraft:used":{"minecraft:oak_leaves":23,"minecraft:white_wool":42,"minecraft:dirt":2,"minecraft:grass_block":5,"minecraft:birch_sapling":1}},"DataVersion":3120}