{"stat.pickup.minecraft.bone":12,"stat.leaveGame":2,"stat.mineBlock.minecraft.cobblestone":36,"stat.pickup.minecraft.stone_pickaxe":1,"stat.drop.minecraft.shield":1,"stat.swimOneCm":11217,"stat.useItem.minecraft.planks":114,"stat.craftItem.minecraft.shield":1,"stat.pickup.minecraft.glass":15,"stat.useItem.minecraft.dirt":21,"stat.useItem.minecraft.stone_slab2":46,"stat.pickup.minecraft.bow":2,"stat.mineBlock.minecraft.red_mushroom":1,"stat.pickup.minecraft.rotten_flesh":35,"stat.craftItem.minecraft.furnace":2,"stat.entityKilledBy.Spider":1,"stat.useItem.minecraft.egg":2,"stat.craftItem.minecraft.stone_axe":2,"stat.craftItem.minecraft.iron_boots":2,"stat.useItem.minecraft.iron_ore":2,"stat.craftItem.minecraft.stone_pickaxe":3,"stat.craftItem.minecraft.cooked_beef":4,"stat.pickup.minecraft.cobblestone":266,"stat.craftItem.minecraft.stone_sword":2,"stat.flyOneCm":272196,"stat.drop.minecraft.iron_helmet":1,"stat.useItem.minecraft.cooked_beef":10,"stat.mineBlock.minecraft.iron_ore":36,"stat.timeSinceDeath":47444,"stat.useItem.minecraft.iron_pickaxe":112,"stat.craftItem.minecraft.wooden_pickaxe":1,"stat.pickup.minecraft.wooden_axe":3,"stat.useItem.minecraft.oak_stairs":3,"stat.furnaceInteraction":53,"stat.killEntity.ZombieVillager":1,"stat.mineBlock.minecraft.coal_ore":49,"stat.killEntity.Creeper":1,"stat.pickup.minecraft.string":10,"stat.pickup.minecraft.beef":72,"stat.pickup.minecraft.furnace":1,"stat.craftItem.minecraft.stone_slab2":0,"stat.sprintOneCm":281727,"stat.useItem.minecraft.fence":1,"stat.craftItem.minecraft.stick":160,"stat.mineBlock.minecraft.fence":1,"stat.useItem.minecraft.beef":6,"stat.deaths":3,"stat.mineBlock.minecraft.planks":8,"stat.drop":16,"stat.pickup.minecraft.egg":9,"stat.playOneMinute":88504,"stat.craftItem.minecraft.iron_pickaxe":3,"stat.killEntity.Zombie":25,"stat.mineBlock.minecraft.tallgrass":42,"stat.diveOneCm":5447,"stat.chestOpened":23,"stat.useItem.minecraft.stone":1,"stat.pickup.minecraft.arrow":9,"stat.drop.minecraft.cooked_beef":4,"stat.useItem.minecraft.chicken":1,"stat.pickup.minecraft.stone_axe":2,"stat.useItem.minecraft.rotten_flesh":21,"stat.drop.minecraft.iron_pickaxe":2,"stat.jump":1450,"stat.pickup.minecraft.fence":1,"stat.pickup.minecraft.coal":54,"stat.fallOneCm":34130,"stat.pickup.minecraft.iron_ingot":20,"stat.drop.minecraft.stone":4,"stat.useItem.minecraft.stone_axe":90,"stat.drop.minecraft.stone_sword":1,"stat.crouchOneCm":25367,"stat.pickup.minecraft.spider_eye":6,"stat.craftItem.minecraft.torch":84,"stat.craftItem.minecraft.chest":1,"stat.craftItem.minecraft.iron_ingot":19,"stat.pickup.minecraft.dirt":70,"stat.craftItem.minecraft.iron_helmet":2,"stat.pickup.minecraft.red_mushroom":1,"stat.useItem.minecraft.cooked_chicken":2,"stat.craftingTableInteraction":33,"stat.pickup.minecraft.iron_ore":36,"stat.useItem.minecraft.glass":21,"stat.pickup.minecraft.wooden_pickaxe":3,"stat.damageTaken":1859,"stat.pickup.minecraft.feather":23,"stat.pickup.minecraft.leather":19,"stat.mineBlock.minecraft.red_flower":6,"stat.mineBlock.minecraft.furnace":1,"stat.mineBlock.minecraft.torch":22,"stat.useItem.minecraft.wooden_pickaxe":27,"stat.mineBlock.minecraft.sapling":1,"stat.pickup.minecraft.planks":10,"stat.pickup.minecraft.reeds":27,"stat.pickup.minecraft.wheat_seeds":14,"stat.entityKilledBy.Zombie":2,"stat.useItem.minecraft.stone_pickaxe":96,"stat.useItem.minecraft.stone_sword":96,"stat.craftItem.minecraft.iron_leggings":1,"stat.damageDealt":10111,"stat.craftItem.minecraft.glass":27,"stat.craftItem.minecraft.oak_stairs":4,"stat.killEntity.Cow":28,"stat.mineBlock.minecraft.dirt":26,"stat.craftItem.minecraft.iron_sword":1,"stat.walkOneCm":265642,"stat.useItem.minecraft.torch":91,"stat.pickup.minecraft.stick":6,"stat.useItem.minecraft.log":4,"stat.pickup.minecraft.crafting_table":2,"stat.useItem.minecraft.cobblestone":331,"stat.craftItem.minecraft.crafting_table":1,"stat.pickup.minecraft.log":107,"stat.drop.minecraft.chicken":2,"stat.pickup.minecraft.stone":11,"stat.pickup.minecraft.chicken":19,"stat.pickup.minecraft.sapling":11,"stat.drop.minecraft.egg":1,"stat.pickup.minecraft.wooden_door":2,"stat.pickup.minecraft.cooked_beef":15,"stat.killEntity.Skeleton":3,"stat.craftItem.minecraft.planks":212,"stat.useItem.minecraft.iron_sword":136,"stat.killEntity.Chicken":18,"stat.killEntity.Spider":5,"stat.pickup.minecraft.stone_sword":2,"stat.mobKills":86,"stat.mineBlock.minecraft.log":64,"stat.craftItem.minecraft.wooden_door":3,"stat.craftItem.minecraft.fence":96,"stat.craftItem.minecraft.cooked_chicken":15,"stat.useItem.minecraft.wooden_door":2,"stat.mineBlock.minecraft.leaves":43,"stat.pickup.minecraft.torch":23,"stat.pickup.minecraft.red_flower":15,"stat.sneakTime":6757,"stat.useItem.minecraft.wooden_axe":8,"stat.mineBlock.minecraft.stone":108}