{"stat.pickup.minecraft.bone":5,"stat.useItem.minecraft.stone":1,"stat.leaveGame":1,"stat.pickup.minecraft.arrow":2,"stat.drop.minecraft.cooked_beef":4,"stat.useItem.minecraft.chicken":1,"stat.pickup.minecraft.stone_pickaxe":1,"stat.pickup.minecraft.stone_axe":1,"stat.jump":473,"stat.swimOneCm":4693,"stat.pickup.minecraft.coal":12,"stat.fallOneCm":10947,"stat.useItem.minecraft.planks":83,"stat.useItem.minecraft.stone_axe":74,"stat.drop.minecraft.stone_sword":1,"stat.crouchOneCm":4199,"stat.pickup.minecraft.glass":15,"stat.craftItem.minecraft.torch":8,"stat.useItem.minecraft.dirt":11,"stat.pickup.minecraft.dirt":49,"stat.pickup.minecraft.red_mushroom":1,"stat.useItem.minecraft.stone_slab2":11,"stat.pickup.minecraft.bow":1,"stat.mineBlock.minecraft.red_mushroom":1,"stat.craftingTableInteraction":10,"stat.pickup.minecraft.rotten_flesh":9,"stat.useItem.minecraft.glass":14,"stat.craftItem.minecraft.furnace":1,"stat.useItem.minecraft.egg":2,"stat.craftItem.minecraft.stone_axe":1,"stat.pickup.minecraft.wooden_pickaxe":2,"stat.damageTaken":663,"stat.pickup.minecraft.feather":4,"stat.pickup.minecraft.leather":2,"stat.mineBlock.minecraft.red_flower":6,"stat.craftItem.minecraft.stone_pickaxe":1,"stat.mineBlock.minecraft.furnace":1,"stat.useItem.minecraft.wooden_pickaxe":22,"stat.craftItem.minecraft.cooked_beef":1,"stat.pickup.minecraft.cobblestone":32,"stat.pickup.minecraft.planks":9,"stat.pickup.minecraft.reeds":18,"stat.craftItem.minecraft.stone_sword":2,"stat.flyOneCm":75181,"stat.pickup.minecraft.wheat_seeds":8,"stat.entityKilledBy.Zombie":2,"stat.useItem.minecraft.stone_pickaxe":13,"stat.useItem.minecraft.cooked_beef":2,"stat.useItem.minecraft.stone_sword":12,"stat.damageDealt":1088,"stat.craftItem.minecraft.glass":15,"stat.timeSinceDeath":2419,"stat.craftItem.minecraft.oak_stairs":4,"stat.killEntity.Cow":2,"stat.mineBlock.minecraft.dirt":20,"stat.craftItem.minecraft.wooden_pickaxe":1,"stat.walkOneCm":82962,"stat.useItem.minecraft.torch":7,"stat.pickup.minecraft.wooden_axe":2,"stat.useItem.minecraft.log":4,"stat.pickup.minecraft.crafting_table":1,"stat.useItem.minecraft.oak_stairs":3,"stat.furnaceInteraction":6,"stat.craftItem.minecraft.crafting_table":1,"stat.mineBlock.minecraft.coal_ore":7,"stat.pickup.minecraft.log":74,"stat.drop.minecraft.chicken":2,"stat.pickup.minecraft.beef":4,"stat.pickup.minecraft.furnace":1,"stat.craftItem.minecraft.stone_slab2":0,"stat.pickup.minecraft.stone":10,"stat.pickup.minecraft.chicken":3,"stat.pickup.minecraft.sapling":11,"stat.drop.minecraft.egg":1,"stat.sprintOneCm":97920,"stat.pickup.minecraft.wooden_door":1,"stat.pickup.minecraft.cooked_beef":11,"stat.craftItem.minecraft.stick":16,"stat.craftItem.minecraft.planks":108,"stat.killEntity.Chicken":2,"stat.killEntity.Spider":1,"stat.pickup.minecraft.stone_sword":1,"stat.mobKills":10,"stat.mineBlock.minecraft.log":52,"stat.craftItem.minecraft.wooden_door":3,"stat.useItem.minecraft.beef":4,"stat.useItem.minecraft.wooden_door":2,"stat.deaths":2,"stat.mineBlock.minecraft.planks":7,"stat.drop":8,"stat.mineBlock.minecraft.leaves":39,"stat.pickup.minecraft.egg":3,"stat.playOneMinute":34763,"stat.pickup.minecraft.torch":1,"stat.pickup.minecraft.red_flower":10,"stat.sneakTime":1554,"stat.useItem.minecraft.wooden_axe":8,"stat.mineBlock.minecraft.stone":26,"stat.mineBlock.minecraft.tallgrass":24,"stat.diveOneCm":2789}