{"stat.chestOpened":12,"stat.pickup.minecraft.bone":12,"stat.useItem.minecraft.stone":1,"stat.leaveGame":1,"stat.pickup.minecraft.arrow":9,"stat.drop.minecraft.cooked_beef":4,"stat.mineBlock.minecraft.cobblestone":2,"stat.useItem.minecraft.chicken":1,"stat.pickup.minecraft.stone_pickaxe":1,"stat.pickup.minecraft.stone_axe":2,"stat.drop.minecraft.shield":1,"stat.useItem.minecraft.rotten_flesh":6,"stat.drop.minecraft.iron_pickaxe":1,"stat.jump":821,"stat.swimOneCm":9130,"stat.pickup.minecraft.coal":54,"stat.fallOneCm":18792,"stat.useItem.minecraft.planks":114,"stat.pickup.minecraft.iron_ingot":20,"stat.craftItem.minecraft.shield":1,"stat.drop.minecraft.stone":4,"stat.useItem.minecraft.stone_axe":81,"stat.drop.minecraft.stone_sword":1,"stat.crouchOneCm":11146,"stat.pickup.minecraft.glass":15,"stat.pickup.minecraft.spider_eye":4,"stat.craftItem.minecraft.torch":84,"stat.craftItem.minecraft.chest":1,"stat.craftItem.minecraft.iron_ingot":14,"stat.useItem.minecraft.dirt":21,"stat.pickup.minecraft.dirt":64,"stat.craftItem.minecraft.iron_helmet":2,"stat.pickup.minecraft.red_mushroom":1,"stat.useItem.minecraft.stone_slab2":28,"stat.pickup.minecraft.bow":2,"stat.mineBlock.minecraft.red_mushroom":1,"stat.craftingTableInteraction":27,"stat.pickup.minecraft.iron_ore":36,"stat.pickup.minecraft.rotten_flesh":21,"stat.useItem.minecraft.glass":21,"stat.craftItem.minecraft.furnace":2,"stat.entityKilledBy.Spider":1,"stat.useItem.minecraft.egg":2,"stat.craftItem.minecraft.stone_axe":2,"stat.craftItem.minecraft.iron_boots":2,"stat.pickup.minecraft.wooden_pickaxe":3,"stat.damageTaken":1621,"stat.pickup.minecraft.feather":6,"stat.pickup.minecraft.leather":3,"stat.useItem.minecraft.iron_ore":2,"stat.mineBlock.minecraft.red_flower":6,"stat.craftItem.minecraft.stone_pickaxe":3,"stat.mineBlock.minecraft.furnace":1,"stat.mineBlock.minecraft.torch":6,"stat.useItem.minecraft.wooden_pickaxe":27,"stat.craftItem.minecraft.cooked_beef":1,"stat.pickup.minecraft.cobblestone":152,"stat.mineBlock.minecraft.sapling":1,"stat.pickup.minecraft.planks":10,"stat.pickup.minecraft.reeds":27,"stat.craftItem.minecraft.stone_sword":2,"stat.flyOneCm":135536,"stat.drop.minecraft.iron_helmet":1,"stat.pickup.minecraft.wheat_seeds":12,"stat.entityKilledBy.Zombie":2,"stat.useItem.minecraft.stone_pickaxe":96,"stat.useItem.minecraft.cooked_beef":9,"stat.useItem.minecraft.stone_sword":96,"stat.craftItem.minecraft.iron_leggings":1,"stat.damageDealt":4502,"stat.craftItem.minecraft.glass":26,"stat.mineBlock.minecraft.iron_ore":36,"stat.timeSinceDeath":18003,"stat.craftItem.minecraft.oak_stairs":4,"stat.killEntity.Cow":2,"stat.mineBlock.minecraft.dirt":20,"stat.craftItem.minecraft.wooden_pickaxe":1,"stat.craftItem.minecraft.iron_sword":1,"stat.walkOneCm":179965,"stat.useItem.minecraft.torch":81,"stat.pickup.minecraft.stick":6,"stat.pickup.minecraft.wooden_axe":3,"stat.useItem.minecraft.log":4,"stat.pickup.minecraft.crafting_table":2,"stat.useItem.minecraft.oak_stairs":3,"stat.useItem.minecraft.cobblestone":7,"stat.furnaceInteraction":33,"stat.craftItem.minecraft.crafting_table":1,"stat.mineBlock.minecraft.coal_ore":49,"stat.killEntity.Creeper":1,"stat.pickup.minecraft.log":99,"stat.pickup.minecraft.string":8,"stat.drop.minecraft.chicken":2,"stat.pickup.minecraft.beef":12,"stat.pickup.minecraft.furnace":1,"stat.craftItem.minecraft.stone_slab2":0,"stat.pickup.minecraft.stone":11,"stat.pickup.minecraft.chicken":3,"stat.pickup.minecraft.sapling":11,"stat.drop.minecraft.egg":1,"stat.sprintOneCm":184124,"stat.pickup.minecraft.wooden_door":2,"stat.pickup.minecraft.cooked_beef":15,"stat.craftItem.minecraft.stick":44,"stat.killEntity.Skeleton":3,"stat.craftItem.minecraft.planks":208,"stat.useItem.minecraft.iron_sword":3,"stat.killEntity.Chicken":2,"stat.killEntity.Spider":3,"stat.pickup.minecraft.stone_sword":2,"stat.mobKills":30,"stat.mineBlock.minecraft.log":56,"stat.craftItem.minecraft.wooden_door":3,"stat.useItem.minecraft.beef":6,"stat.useItem.minecraft.wooden_door":2,"stat.deaths":3,"stat.mineBlock.minecraft.planks":8,"stat.drop":15,"stat.mineBlock.minecraft.leaves":41,"stat.pickup.minecraft.egg":3,"stat.playOneMinute":59063,"stat.pickup.minecraft.torch":8,"stat.pickup.minecraft.red_flower":15,"stat.sneakTime":3954,"stat.craftItem.minecraft.iron_pickaxe":2,"stat.killEntity.Zombie":15,"stat.useItem.minecraft.wooden_axe":8,"stat.mineBlock.minecraft.stone":33,"stat.mineBlock.minecraft.tallgrass":29,"stat.diveOneCm":3259}