{"stats":{"minecraft:killed":{"minecraft:spider":7,"minecraft:skeleton":13,"minecraft:chicken":2,"minecraft:drowned":1,"minecraft:warden":4,"minecraft:pig":5,"minecraft:creeper":2,"minecraft:sheep":16,"minecraft:zombie":128,"minecraft:villager":28,"minecraft:cow":11},"minecraft:broken":{"minecraft:stone_axe":1},"minecraft:used":{"minecraft:oak_fence":1,"minecraft:netherite_sword":93,"minecraft:oak_trapdoor":6,"minecraft:stone_sword":99,"minecraft:flint_and_steel":5,"minecraft:oak_sign":3,"minecraft:tinted_glass":39,"minecraft:chest":18,"minecraft:shield":16,"minecraft:ender_chest":15,"minecraft:stone":618,"minecraft:iron_sword":2,"minecraft:zombie_spawn_egg":7,"minecraft:iron_chestplate":1,"minecraft:oak_door":4,"minecraft:torch":120,"minecraft:soul_sand":2,"minecraft:dirt":65,"minecraft:mutton":2,"minecraft:anvil":4,"minecraft:cobblestone_wall":3,"minecraft:diamond_helmet":1,"minecraft:tuff":8,"minecraft:obsidian":14,"minecraft:polished_diorite":8,"minecraft:glass":26,"minecraft:lava_bucket":3,"minecraft:villager_spawn_egg":33,"minecraft:iron_axe":4,"minecraft:grass_block":16,"minecraft:oak_stairs":2,"minecraft:birch_sapling":1,"minecraft:iron_helmet":1,"minecraft:diamond_chestplate":2,"minecraft:bow":127,"minecraft:beef":3,"minecraft:oak_sapling":4,"minecraft:furnace":5,"minecraft:egg":1,"minecraft:enchanted_golden_apple":3,"minecraft:pointed_dripstone":3,"minecraft:iron_leggings":1,"minecraft:cooked_mutton":7,"minecraft:water_bucket":28,"minecraft:cobblestone_stairs":13,"minecraft:diamond_boots":3,"minecraft:birch_planks":11,"minecraft:stone_pickaxe":114,"minecraft:oak_planks":50,"minecraft:wooden_pickaxe":15,"minecraft:diamond_axe":24,"minecraft:fletching_table":25,"minecraft:oak_leaves":23,"minecraft:white_wool":77,"minecraft:mossy_cobblestone":1,"minecraft:oak_slab":4,"minecraft:crafting_table":16,"minecraft:blast_furnace":4,"minecraft:white_bed":4,"minecraft:oak_log":12,"minecraft:ender_eye":4,"minecraft:diamond_pickaxe":331,"minecraft:bread":64,"minecraft:iron_pickaxe":84,"minecraft:lectern":69,"minecraft:deepslate":95,"minecraft:stone_axe":122,"minecraft:diamond_sword":199,"minecraft:cobblestone":91,"minecraft:chainmail_boots":1,"minecraft:grindstone":3,"minecraft:cooked_porkchop":1,"minecraft:smithing_table":5,"minecraft:bucket":19,"minecraft:andesite":1,"minecraft:birch_log":6,"minecraft:oak_boat":4,"minecraft:kelp":50,"minecraft:diamond_leggings":4},"minecraft:picked_up":{"minecraft:wooden_axe":2,"minecraft:crafting_table":16,"minecraft:wheat":17,"minecraft:ender_chest":10,"minecraft:chicken":1,"minecraft:diamond_sword":2,"minecraft:wooden_pickaxe":3,"minecraft:oak_stairs":5,"minecraft:cornflower":3,"minecraft:string":9,"minecraft:iron_axe":3,"minecraft:wooden_sword":1,"minecraft:sculk_shrieker":2,"minecraft:diamond_leggings":2,"minecraft:deepslate_diamond_ore":6,"minecraft:beef":32,"minecraft:echo_shard":1,"minecraft:rose_bush":1,"minecraft:ender_eye":2,"minecraft:calcite":1,"minecraft:poppy":1,"minecraft:lectern":7,"minecraft:birch_sapling":1,"minecraft:furnace":7,"minecraft:egg":4,"minecraft:stick":12,"minecraft:raw_iron":49,"minecraft:stone":74,"minecraft:oak_door":4,"minecraft:composter":2,"minecraft:oak_fence":1,"minecraft:torch":55,"minecraft:porkchop":8,"minecraft:pointed_dripstone":5,"minecraft:carrot":1,"minecraft:redstone":2,"minecraft:stone_sword":3,"minecraft:arrow":10,"minecraft:rotten_flesh":271,"minecraft:diamond_boots":2,"minecraft:hay_block":42,"minecraft:mutton":23,"minecraft:white_wool":45,"minecraft:cobblestone":159,"minecraft:birch_log":11,"minecraft:feather":5,"minecraft:andesite":3,"minecraft:leather":23,"minecraft:potato":2,"minecraft:birch_planks":8,"minecraft:tuff":14,"minecraft:oak_log":101,"minecraft:yellow_bed":3,"minecraft:dirt":54,"minecraft:cooked_mutton":4,"minecraft:bone":13,"minecraft:kelp":49,"minecraft:stonecutter":2,"minecraft:wheat_seeds":47,"minecraft:bell":1,"minecraft:stone_pickaxe":2,"minecraft:fletching_table":4,"minecraft:oak_planks":169,"minecraft:sculk_catalyst":4,"minecraft:oak_slab":1,"minecraft:cooked_porkchop":1,"minecraft:dandelion":1,"minecraft:gravel":21,"minecraft:amethyst_shard":1,"minecraft:ink_sac":1,"minecraft:white_bed":11,"minecraft:grass_block":2,"minecraft:spider_eye":2,"minecraft:mossy_cobblestone":6,"minecraft:pumpkin_seeds":3,"minecraft:diamond":1,"minecraft:deepslate":187,"minecraft:stone_axe":2,"minecraft:chainmail_leggings":1,"minecraft:bread":102,"minecraft:emerald":109,"minecraft:oak_sapling":5,"minecraft:coal":3,"minecraft:sunflower":19},"minecraft:crafted":{"minecraft:smooth_stone":2,"minecraft:oak_planks":228,"minecraft:chainmail_helmet":12,"minecraft:diamond_hoe":3,"minecraft:furnace":3,"minecraft:stone":5,"minecraft:diamond_shovel":6,"minecraft:cooked_mutton":9,"minecraft:diamond_helmet":6,"minecraft:bow":1,"minecraft:diamond_leggings":9,"minecraft:iron_boots":1,"minecraft:iron_axe":55,"minecraft:stone_pickaxe":14,"minecraft:chest":1,"minecraft:diamond_boots":10,"minecraft:stone_hoe":12,"minecraft:chainmail_leggings":33,"minecraft:wheat":378,"minecraft:cooked_beef":7,"minecraft:oak_slab":6,"minecraft:diamond_sword":6,"minecraft:emerald":423,"minecraft:arrow":80,"minecraft:diamond_axe":12,"minecraft:crafting_table":4,"minecraft:wooden_pickaxe":1,"minecraft:iron_helmet":1,"minecraft:iron_sword":16,"minecraft:bell":89,"minecraft:chainmail_chestplate":12,"minecraft:birch_planks":20,"minecraft:stone_axe":25,"minecraft:enchanted_book":24,"minecraft:bread":131,"minecraft:air":0,"minecraft:iron_chestplate":64,"minecraft:diamond_pickaxe":5,"minecraft:shield":21,"minecraft:stick":128,"minecraft:iron_ingot":48,"minecraft:chainmail_boots":12,"minecraft:iron_pickaxe":2,"minecraft:stone_sword":1,"minecraft:iron_shovel":3,"minecraft:iron_leggings":9,"minecraft:torch":12,"minecraft:diamond_chestplate":6},"minecraft:mined":{"minecraft:tuff":8,"minecraft:white_bed":6,"minecraft:oak_sapling":1,"minecraft:mossy_cobblestone":2,"minecraft:deepslate_diamond_ore":6,"minecraft:oak_door":3,"minecraft:sculk_vein":2,"minecraft:grass_block":11,"minecraft:composter":1,"minecraft:hay_block":39,"minecraft:furnace":5,"minecraft:iron_ore":49,"minecraft:andesite":3,"minecraft:fletching_table":4,"minecraft:bell":1,"minecraft:sculk_shrieker":3,"minecraft:pointed_dripstone":6,"minecraft:oak_stairs":3,"minecraft:stone":200,"minecraft:ender_chest":10,"minecraft:oak_slab":1,"minecraft:glass_pane":3,"minecraft:oak_fence":1,"minecraft:powder_snow":27,"minecraft:crafting_table":11,"minecraft:torch":8,"minecraft:lectern":4,"minecraft:tall_grass":8,"minecraft:cobblestone":15,"minecraft:oak_planks":9,"minecraft:sculk":1,"minecraft:wall_torch":23,"minecraft:birch_planks":4,"minecraft:birch_log":11,"minecraft:birch_leaves":8,"minecraft:yellow_bed":2,"minecraft:grass":28,"minecraft:coal_ore":4,"minecraft:oak_log":50,"minecraft:sunflower":12,"minecraft:gravel":2,"minecraft:dirt":34,"minecraft:stonecutter":1,"minecraft:oak_leaves":22,"minecraft:deepslate":189},"minecraft:killed_by":{"minecraft:player":3},"minecraft:custom":{"minecraft:interact_with_smithing_table":1,"minecraft:interact_with_anvil":28,"minecraft:mob_kills":220,"minecraft:interact_with_crafting_table":32,"minecraft:bell_ring":13,"minecraft:leave_game":3,"minecraft:time_since_death":201726,"minecraft:damage_resisted":436,"minecraft:climb_one_cm":4952,"minecraft:sprint_one_cm":517721,"minecraft:walk_one_cm":547144,"minecraft:damage_blocked_by_shield":281,"minecraft:drop":173,"minecraft:talked_to_villager":281,"minecraft:play_time":343081,"minecraft:sneak_time":26573,"minecraft:deaths":5,"minecraft:walk_under_water_one_cm":133681,"minecraft:boat_one_cm":14958,"minecraft:jump":4328,"minecraft:interact_with_blast_furnace":3,"minecraft:walk_on_water_one_cm":30190,"minecraft:total_world_time":343081,"minecraft:interact_with_furnace":45,"minecraft:traded_with_villager":882,"minecraft:sleep_in_bed":5,"minecraft:time_since_rest":201754,"minecraft:open_enderchest":22,"minecraft:damage_taken":4690,"minecraft:damage_absorbed":478,"minecraft:trigger_trapped_chest":3,"minecraft:damage_dealt":24758,"minecraft:player_kills":17,"minecraft:swim_one_cm":23845,"minecraft:fly_one_cm":1203342,"minecraft:open_chest":175,"minecraft:crouch_one_cm":81255,"minecraft:fall_one_cm":152606},"minecraft:dropped":{"minecraft:bread":97,"minecraft:birch_planks":4,"minecraft:porkchop":1,"minecraft:birch_leaves":1,"minecraft:wheat_seeds":1,"minecraft:mossy_cobblestone":5,"minecraft:diamond":1,"minecraft:crafting_table":1,"minecraft:diamond_leggings":5,"minecraft:feather":4,"minecraft:cobblestone":20,"minecraft:apple":4,"minecraft:grass_block":7,"minecraft:emerald":67,"minecraft:stick":515,"minecraft:dirt":6,"minecraft:ink_sac":1,"minecraft:cornflower":2,"minecraft:mutton":1,"minecraft:wooden_axe":2,"minecraft:rose_bush":1,"minecraft:wooden_sword":1,"minecraft:oak_stairs":1,"minecraft:amethyst_shard":1,"minecraft:sunflower":14,"minecraft:stonecutter":1,"minecraft:iron_axe":7,"minecraft:chainmail_leggings":1,"minecraft:white_wool":4,"minecraft:bone":4,"minecraft:stone_axe":1,"minecraft:stone_sword":3,"minecraft:tuff":5,"minecraft:birch_sapling":1,"minecraft:pointed_dripstone":1,"minecraft:composter":1,"minecraft:rotten_flesh":10,"minecraft:oak_planks":20,"minecraft:white_bed":2,"minecraft:echo_shard":3,"minecraft:diamond_sword":2,"minecraft:poppy":1,"minecraft:stone":1,"minecraft:andesite":2,"minecraft:leather_boots":1,"minecraft:oak_sapling":1,"minecraft:diamond_boots":3,"minecraft:arrow":6,"minecraft:stone_pickaxe":2,"minecraft:wooden_pickaxe":3,"minecraft:calcite":1,"minecraft:oak_leaves":3,"minecraft:lectern":3,"minecraft:egg":2}},"DataVersion":3120}