{"stats":{"minecraft:custom":{"minecraft:time_since_rest":34047,"minecraft:crouch_one_cm":1128,"minecraft:sprint_one_cm":30662,"minecraft:play_time":34047,"minecraft:damage_taken":140,"minecraft:walk_one_cm":21985,"minecraft:sneak_time":866,"minecraft:walk_under_water_one_cm":2512,"minecraft:mob_kills":2,"minecraft:drop":11,"minecraft:jump":362,"minecraft:damage_dealt":183,"minecraft:leave_game":1,"minecraft:walk_on_water_one_cm":411,"minecraft:time_since_death":34047,"minecraft:climb_one_cm":170,"minecraft:total_world_time":34047,"minecraft:fall_one_cm":11129,"minecraft:fly_one_cm":177648},"minecraft:picked_up":{"minecraft:mutton":3,"minecraft:birch_sapling":1,"minecraft:white_wool":2},"minecraft:dropped":{"minecraft:dirt":1,"minecraft:birch_leaves":1,"minecraft:mutton":1,"minecraft:white_wool":1,"minecraft:oak_leaves":3,"minecraft:grass_block":3,"minecraft:birch_sapling":1},"minecraft:killed":{"minecraft:sheep":2},"minecraft:mined":{"minecraft:birch_leaves":8,"minecraft:oak_leaves":6},"minecraft:used":{"minecraft:white_wool":42,"minecraft:oak_leaves":23,"bunker_down:steel_block":3,"minecraft:dirt":2,"minecraft:grass_block":5,"minecraft:birch_sapling":1}},"DataVersion":3120}