{"stat.chestOpened":4,"stat.walkOneCm":213849,"stat.drop.malisisdoors.door_factory":1,"stat.pickup.minecraft.bone":3,"stat.useItem.minecraft.stone":2,"stat.leaveGame":3,"stat.pickup.minecraft.arrow":3,"stat.drop.minecraft.tallgrass":1,"stat.drop.modularwarfare.tcp.m24a2ammo":1,"stat.useItem.minecraft.cooked_porkchop":1,"stat.killEntity.ZombieVillager":2,"stat.pickup.cgm.handgun":1,"stat.killEntity.mutantbeasts.mutant_skeleton":1,"stat.killEntity.Creeper":7,"stat.pickup.minecraft.string":5,"stat.pickup.arm.heavy_vestbody":1,"stat.drop.modularwarfare.tcp.scope_acog":1,"stat.jump":759,"stat.swimOneCm":7836,"stat.fallOneCm":15360,"stat.pickup.arm.heavy_armored_bootsboots":1,"stat.crouchOneCm":5653,"stat.pickup.cgm.chain_gun":1,"stat.drop.modularwarfare.tcp.m24a2":1,"stat.killEntity.mutantbeasts.mutant_zombie":1,"stat.pickup.arm.combat_bootsboots":1,"stat.sprintOneCm":96662,"stat.useItem.minecraft.stone_slab2":54,"stat.pickup.minecraft.rotten_flesh":33,"stat.pickup.mutantbeasts.hulk_hammer":1,"stat.killEntity.Skeleton":7,"stat.pickup.minecraft.sand":1,"stat.drop.malisisdoors.big_door_spruce_3x3":3,"stat.entityKilledBy.mutantbeasts.mutant_skeleton":1,"stat.killEntity.Horse":11,"stat.entityKilledBy.Spider":1,"stat.entityKilledBy.mutantbeasts.mutant_enderman":1,"stat.pickup.arm.heavy_helmethelmet":1,"stat.useItem.mutantbeasts.hulk_hammer":4,"stat.pickup.minecraft.grass":1,"stat.damageTaken":1692,"stat.drop.modularwarfare.tcp.7_62":64,"stat.pickup.minecraft.leather":9,"stat.killEntity.Spider":15,"stat.drop.cgm.handgun":1,"stat.killEntity.Husk":3,"stat.mobKills":120,"stat.useItem.minecraft.golden_apple":5,"stat.flyOneCm":425254,"stat.deaths":5,"stat.drop":16,"stat.playOneMinute":89607,"stat.killEntity.Witch":2,"stat.drop.cgm.workbench":1,"stat.entityKilledBy.Zombie":1,"stat.sneakTime":1895,"stat.damageDealt":508,"stat.pickup.malisisdoors.big_door_spruce_3x3":2,"stat.killEntity.Zombie":61,"stat.drop.minecraft.arrow":1,"stat.timeSinceDeath":261,"stat.drop.cgm.chain_gun":1,"stat.pickup.arm.heavy_protection_for_legslegs":1,"stat.drop.minecraft.torch":1,"stat.drop.minecraft.grass":2,"stat.mineBlock.minecraft.tallgrass":4,"stat.diveOneCm":4552}