{"stats":{"minecraft:killed":{"minecraft:pig":3,"minecraft:spider":1,"minecraft:sheep":2,"minecraft:skeleton":2,"minecraft:zombie":2,"minecraft:chicken":2,"minecraft:cow":1},"minecraft:used":{"minecraft:netherite_sword":8,"minecraft:diamond_boots":2,"minecraft:oak_leaves":23,"minecraft:white_wool":42,"minecraft:dirt":2,"minecraft:lava_bucket":3,"minecraft:grass_block":16,"minecraft:birch_sapling":1,"minecraft:diamond_sword":6,"minecraft:cobblestone":10,"minecraft:oak_sapling":1,"minecraft:egg":1,"minecraft:diamond_leggings":3},"minecraft:picked_up":{"minecraft:wooden_axe":2,"minecraft:crafting_table":1,"minecraft:feather":5,"minecraft:chicken":1,"minecraft:leather":2,"minecraft:diamond_sword":2,"minecraft:birch_planks":4,"minecraft:string":2,"minecraft:dirt":1,"minecraft:bone":4,"minecraft:diamond_leggings":2,"minecraft:beef":2,"minecraft:stone_pickaxe":1,"minecraft:rose_bush":1,"minecraft:calcite":1,"minecraft:poppy":1,"minecraft:birch_sapling":1,"minecraft:oak_planks":17,"minecraft:egg":4,"minecraft:stick":7,"minecraft:torch":2,"minecraft:porkchop":5,"minecraft:ink_sac":1,"minecraft:grass_block":2,"minecraft:white_bed":1,"minecraft:stone_sword":2,"minecraft:arrow":4,"minecraft:diamond_boots":2,"minecraft:oak_sapling":1,"minecraft:mutton":3,"minecraft:cobblestone":13,"minecraft:white_wool":5,"minecraft:sunflower":9},"minecraft:mined":{"minecraft:birch_leaves":8,"minecraft:grass":5,"minecraft:sunflower":4,"minecraft:oak_leaves":7},"minecraft:custom":{"minecraft:mob_kills":13,"minecraft:interact_with_crafting_table":1,"minecraft:leave_game":1,"minecraft:time_since_death":3913,"minecraft:climb_one_cm":1598,"minecraft:time_since_rest":3947,"minecraft:sprint_one_cm":74756,"minecraft:damage_taken":175,"minecraft:walk_one_cm":73244,"minecraft:trigger_trapped_chest":3,"minecraft:drop":58,"minecraft:damage_dealt":1850,"minecraft:fly_one_cm":409000,"minecraft:player_kills":6,"minecraft:open_chest":2,"minecraft:crouch_one_cm":2076,"minecraft:play_time":66760,"minecraft:deaths":2,"minecraft:sneak_time":1874,"minecraft:walk_under_water_one_cm":32999,"minecraft:jump":756,"minecraft:walk_on_water_one_cm":3609,"minecraft:total_world_time":66760,"minecraft:fall_one_cm":15771},"minecraft:dropped":{"minecraft:porkchop":1,"minecraft:birch_planks":4,"minecraft:birch_leaves":1,"minecraft:stone_sword":2,"minecraft:crafting_table":1,"minecraft:birch_sapling":1,"minecraft:diamond_leggings":5,"minecraft:feather":4,"minecraft:cobblestone":13,"minecraft:white_bed":1,"minecraft:grass_block":7,"minecraft:stick":3,"minecraft:poppy":1,"minecraft:diamond_sword":2,"minecraft:dirt":1,"minecraft:ink_sac":1,"minecraft:mutton":1,"minecraft:wooden_axe":2,"minecraft:rose_bush":1,"minecraft:diamond_boots":3,"minecraft:sunflower":8,"minecraft:arrow":4,"minecraft:stone_pickaxe":1,"minecraft:calcite":1,"minecraft:oak_leaves":3,"minecraft:white_wool":4,"minecraft:bone":4,"minecraft:egg":2}},"DataVersion":3120}