{"stats":{"minecraft:killed":{"minecraft:spider":7,"minecraft:skeleton":9,"minecraft:chicken":2,"minecraft:drowned":1,"minecraft:pig":5,"minecraft:creeper":1,"minecraft:sheep":16,"minecraft:zombie":28,"minecraft:villager":5,"minecraft:cow":8},"minecraft:broken":{"minecraft:stone_axe":1},"minecraft:used":{"minecraft:oak_trapdoor":6,"minecraft:netherite_sword":48,"minecraft:stone_sword":99,"minecraft:oak_sign":3,"minecraft:tinted_glass":39,"minecraft:shield":16,"minecraft:stone":442,"minecraft:zombie_spawn_egg":7,"minecraft:iron_chestplate":1,"minecraft:oak_door":4,"minecraft:torch":67,"minecraft:soul_sand":2,"minecraft:dirt":44,"minecraft:mutton":2,"minecraft:cobblestone_wall":3,"minecraft:polished_diorite":8,"minecraft:glass":26,"minecraft:lava_bucket":3,"minecraft:villager_spawn_egg":5,"minecraft:iron_axe":4,"minecraft:grass_block":16,"minecraft:oak_stairs":2,"minecraft:birch_sapling":1,"minecraft:iron_helmet":1,"minecraft:bow":14,"minecraft:furnace":5,"minecraft:oak_sapling":4,"minecraft:egg":1,"minecraft:iron_leggings":1,"minecraft:pointed_dripstone":2,"minecraft:cooked_mutton":7,"minecraft:water_bucket":8,"minecraft:cobblestone_stairs":13,"minecraft:diamond_boots":2,"minecraft:birch_planks":11,"minecraft:stone_pickaxe":114,"minecraft:oak_planks":50,"minecraft:wooden_pickaxe":15,"minecraft:diamond_axe":4,"minecraft:fletching_table":13,"minecraft:oak_leaves":23,"minecraft:white_wool":77,"minecraft:crafting_table":13,"minecraft:oak_slab":2,"minecraft:white_bed":4,"minecraft:oak_log":12,"minecraft:bread":33,"minecraft:iron_pickaxe":84,"minecraft:lectern":5,"minecraft:stone_axe":122,"minecraft:diamond_sword":58,"minecraft:cobblestone":84,"minecraft:andesite":1,"minecraft:birch_log":6,"minecraft:kelp":50,"minecraft:diamond_leggings":3},"minecraft:picked_up":{"minecraft:wooden_axe":2,"minecraft:crafting_table":14,"minecraft:wheat":2,"minecraft:chicken":1,"minecraft:diamond_sword":2,"minecraft:wooden_pickaxe":2,"minecraft:oak_stairs":5,"minecraft:cornflower":3,"minecraft:string":9,"minecraft:diamond_leggings":2,"minecraft:beef":19,"minecraft:rose_bush":1,"minecraft:calcite":1,"minecraft:poppy":1,"minecraft:lectern":6,"minecraft:birch_sapling":1,"minecraft:egg":4,"minecraft:furnace":7,"minecraft:stick":12,"minecraft:raw_iron":49,"minecraft:stone":3,"minecraft:oak_door":4,"minecraft:composter":2,"minecraft:torch":30,"minecraft:porkchop":8,"minecraft:pointed_dripstone":3,"minecraft:redstone":2,"minecraft:stone_sword":3,"minecraft:arrow":10,"minecraft:rotten_flesh":22,"minecraft:diamond_boots":2,"minecraft:hay_block":42,"minecraft:mutton":23,"minecraft:white_wool":45,"minecraft:cobblestone":145,"minecraft:birch_log":11,"minecraft:feather":5,"minecraft:andesite":3,"minecraft:leather":16,"minecraft:birch_planks":8,"minecraft:oak_log":97,"minecraft:yellow_bed":3,"minecraft:dirt":47,"minecraft:cooked_mutton":4,"minecraft:bone":11,"minecraft:kelp":49,"minecraft:stonecutter":2,"minecraft:wheat_seeds":9,"minecraft:stone_pickaxe":2,"minecraft:fletching_table":4,"minecraft:oak_planks":169,"minecraft:oak_slab":1,"minecraft:ink_sac":1,"minecraft:white_bed":11,"minecraft:grass_block":2,"minecraft:spider_eye":2,"minecraft:mossy_cobblestone":3,"minecraft:pumpkin_seeds":3,"minecraft:diamond":1,"minecraft:stone_axe":2,"minecraft:emerald":3,"minecraft:bread":98,"minecraft:oak_sapling":5,"minecraft:coal":3,"minecraft:sunflower":19},"minecraft:crafted":{"minecraft:smooth_stone":2,"minecraft:oak_planks":212,"minecraft:furnace":3,"minecraft:stone":5,"minecraft:cooked_mutton":9,"minecraft:bow":1,"minecraft:iron_boots":1,"minecraft:iron_axe":1,"minecraft:stone_pickaxe":2,"minecraft:diamond_boots":1,"minecraft:wheat":378,"minecraft:cooked_beef":7,"minecraft:oak_slab":6,"minecraft:diamond_sword":1,"minecraft:arrow":64,"minecraft:emerald":82,"minecraft:diamond_axe":1,"minecraft:crafting_table":3,"minecraft:wooden_pickaxe":1,"minecraft:iron_helmet":1,"minecraft:iron_sword":1,"minecraft:birch_planks":20,"minecraft:stone_axe":1,"minecraft:bread":126,"minecraft:air":0,"minecraft:iron_chestplate":1,"minecraft:shield":1,"minecraft:stick":128,"minecraft:iron_ingot":48,"minecraft:iron_pickaxe":2,"minecraft:stone_sword":1,"minecraft:iron_leggings":1,"minecraft:torch":12},"minecraft:mined":{"minecraft:white_bed":6,"minecraft:oak_sapling":1,"minecraft:oak_door":3,"minecraft:grass_block":8,"minecraft:composter":1,"minecraft:hay_block":39,"minecraft:furnace":5,"minecraft:iron_ore":49,"minecraft:andesite":3,"minecraft:fletching_table":4,"minecraft:pointed_dripstone":2,"minecraft:oak_stairs":3,"minecraft:stone":128,"minecraft:oak_slab":1,"minecraft:glass_pane":3,"minecraft:powder_snow":16,"minecraft:crafting_table":9,"minecraft:torch":2,"minecraft:lectern":4,"minecraft:tall_grass":8,"minecraft:cobblestone":1,"minecraft:oak_planks":9,"minecraft:wall_torch":15,"minecraft:birch_planks":4,"minecraft:birch_log":11,"minecraft:birch_leaves":8,"minecraft:yellow_bed":2,"minecraft:grass":28,"minecraft:oak_log":46,"minecraft:coal_ore":4,"minecraft:sunflower":12,"minecraft:dirt":31,"minecraft:stonecutter":1,"minecraft:oak_leaves":18},"minecraft:killed_by":{"minecraft:player":3},"minecraft:custom":{"minecraft:mob_kills":84,"minecraft:interact_with_crafting_table":29,"minecraft:bell_ring":13,"minecraft:leave_game":1,"minecraft:time_since_death":51405,"minecraft:climb_one_cm":2750,"minecraft:sprint_one_cm":249479,"minecraft:walk_one_cm":291005,"minecraft:damage_blocked_by_shield":281,"minecraft:drop":111,"minecraft:talked_to_villager":38,"minecraft:play_time":192760,"minecraft:deaths":5,"minecraft:sneak_time":14227,"minecraft:walk_under_water_one_cm":125612,"minecraft:jump":2559,"minecraft:walk_on_water_one_cm":27386,"minecraft:total_world_time":192760,"minecraft:interact_with_furnace":45,"minecraft:traded_with_villager":87,"minecraft:sleep_in_bed":5,"minecraft:time_since_rest":51433,"minecraft:damage_taken":3093,"minecraft:trigger_trapped_chest":3,"minecraft:damage_dealt":10738,"minecraft:swim_one_cm":3651,"minecraft:fly_one_cm":807143,"minecraft:player_kills":15,"minecraft:open_chest":8,"minecraft:crouch_one_cm":35792,"minecraft:fall_one_cm":86407},"minecraft:dropped":{"minecraft:bread":64,"minecraft:birch_planks":4,"minecraft:porkchop":1,"minecraft:wheat_seeds":1,"minecraft:birch_leaves":1,"minecraft:mossy_cobblestone":3,"minecraft:diamond":1,"minecraft:crafting_table":1,"minecraft:diamond_leggings":5,"minecraft:feather":4,"minecraft:cobblestone":13,"minecraft:apple":4,"minecraft:grass_block":7,"minecraft:emerald":1,"minecraft:stick":515,"minecraft:dirt":6,"minecraft:ink_sac":1,"minecraft:cornflower":2,"minecraft:mutton":1,"minecraft:wooden_axe":2,"minecraft:rose_bush":1,"minecraft:oak_stairs":1,"minecraft:sunflower":14,"minecraft:stonecutter":1,"minecraft:white_wool":4,"minecraft:bone":4,"minecraft:stone_axe":1,"minecraft:stone_sword":3,"minecraft:birch_sapling":1,"minecraft:composter":1,"minecraft:rotten_flesh":4,"minecraft:oak_planks":16,"minecraft:white_bed":2,"minecraft:diamond_sword":2,"minecraft:poppy":1,"minecraft:andesite":2,"minecraft:oak_sapling":1,"minecraft:diamond_boots":3,"minecraft:arrow":6,"minecraft:wooden_pickaxe":2,"minecraft:stone_pickaxe":2,"minecraft:calcite":1,"minecraft:oak_leaves":3,"minecraft:lectern":2,"minecraft:egg":2}},"DataVersion":3120}