{"stat.pickup.minecraft.bone":16,"stat.leaveGame":6,"stat.mineBlock.minecraft.cobblestone":79,"stat.pickup.minecraft.stone_pickaxe":1,"stat.pickup.minecraft.flint":2,"stat.drop.minecraft.shield":1,"stat.swimOneCm":27136,"stat.useItem.minecraft.planks":114,"stat.craftItem.minecraft.shield":2,"stat.pickup.minecraft.glass":15,"stat.useItem.minecraft.dirt":50,"stat.useItem.minecraft.stone_slab2":76,"stat.pickup.minecraft.bow":4,"stat.mineBlock.minecraft.red_mushroom":1,"stat.drop.minecraft.iron_sword":1,"stat.pickup.minecraft.rotten_flesh":56,"stat.pickup.minecraft.sand":205,"stat.craftItem.minecraft.furnace":2,"stat.entityKilledBy.Spider":1,"stat.useItem.minecraft.egg":2,"stat.craftItem.minecraft.stone_axe":2,"stat.craftItem.minecraft.iron_boots":2,"stat.useItem.minecraft.iron_ore":2,"stat.craftItem.minecraft.stone_pickaxe":14,"stat.craftItem.minecraft.cooked_beef":14,"stat.killEntity.Enderman":1,"stat.pickup.minecraft.cobblestone":1994,"stat.craftItem.minecraft.stone_sword":2,"stat.flyOneCm":481026,"stat.drop.minecraft.iron_helmet":1,"stat.craftItem.minecraft.iron_shovel":1,"stat.mineBlock.minecraft.sand":22,"stat.useItem.minecraft.cooked_beef":15,"stat.mineBlock.minecraft.iron_ore":80,"stat.timeSinceDeath":128200,"stat.useItem.minecraft.iron_pickaxe":540,"stat.craftItem.minecraft.wooden_pickaxe":1,"stat.useItem.minecraft.iron_shovel":118,"stat.pickup.minecraft.wooden_axe":3,"stat.useItem.minecraft.oak_stairs":3,"stat.furnaceInteraction":92,"stat.killEntity.ZombieVillager":1,"stat.mineBlock.minecraft.coal_ore":94,"stat.pickup.srparasites.lurecomponent1":6,"stat.killEntity.Creeper":1,"stat.pickup.minecraft.string":18,"stat.pickup.minecraft.beef":88,"stat.pickup.minecraft.furnace":1,"stat.craftItem.minecraft.stone_slab2":0,"stat.sprintOneCm":468857,"stat.useItem.minecraft.fence":1,"stat.craftItem.minecraft.stick":196,"stat.mineBlock.minecraft.fence":1,"stat.useItem.minecraft.beef":6,"stat.deaths":3,"stat.mineBlock.minecraft.planks":8,"stat.drop":17,"stat.pickup.minecraft.egg":13,"stat.playOneMinute":169260,"stat.craftItem.minecraft.iron_pickaxe":4,"stat.killEntity.Zombie":40,"stat.mineBlock.minecraft.tallgrass":49,"stat.diveOneCm":8106,"stat.chestOpened":66,"stat.useItem.minecraft.stone":40,"stat.pickup.minecraft.gravel":30,"stat.pickup.minecraft.arrow":12,"stat.pickup.minecraft.iron_sword":1,"stat.drop.minecraft.cooked_beef":4,"stat.useItem.minecraft.chicken":1,"stat.pickup.minecraft.stone_axe":2,"stat.useItem.minecraft.rotten_flesh":21,"stat.drop.minecraft.iron_pickaxe":2,"stat.jump":2668,"stat.useItem.minecraft.sand":10,"stat.pickup.minecraft.fence":1,"stat.pickup.minecraft.coal":103,"stat.fallOneCm":58394,"stat.pickup.minecraft.iron_ingot":20,"stat.drop.minecraft.stone":4,"stat.craftItem.supertools.hammerstone":1,"stat.useItem.minecraft.stone_axe":90,"stat.drop.minecraft.stone_sword":1,"stat.crouchOneCm":79835,"stat.pickup.minecraft.spider_eye":7,"stat.craftItem.minecraft.torch":140,"stat.craftItem.minecraft.chest":2,"stat.craftItem.minecraft.iron_ingot":55,"stat.pickup.minecraft.dirt":493,"stat.craftItem.minecraft.iron_helmet":2,"stat.pickup.minecraft.red_mushroom":1,"stat.useItem.minecraft.cooked_chicken":15,"stat.craftingTableInteraction":50,"stat.pickup.minecraft.iron_ore":98,"stat.useItem.minecraft.glass":21,"stat.pickup.minecraft.wooden_pickaxe":3,"stat.damageTaken":2843,"stat.pickup.minecraft.feather":25,"stat.pickup.minecraft.leather":25,"stat.mineBlock.minecraft.red_flower":6,"stat.mineBlock.minecraft.furnace":1,"stat.mineBlock.minecraft.torch":41,"stat.useItem.minecraft.wooden_pickaxe":27,"stat.mineBlock.minecraft.sapling":1,"stat.pickup.srparasites.assimilated_flesh":1,"stat.pickup.minecraft.planks":10,"stat.pickup.minecraft.reeds":27,"stat.craftItem.cgm.workbench":1,"stat.pickup.minecraft.wheat_seeds":15,"stat.entityKilledBy.Zombie":2,"stat.mineBlock.minecraft.gravel":17,"stat.useItem.minecraft.stone_pickaxe":363,"stat.mineBlock.minecraft.glass":1,"stat.useItem.minecraft.stone_sword":96,"stat.craftItem.minecraft.iron_leggings":2,"stat.damageDealt":15945,"stat.craftItem.minecraft.glass":27,"stat.craftItem.minecraft.oak_stairs":4,"stat.killEntity.Cow":36,"stat.mineBlock.minecraft.dirt":158,"stat.craftItem.minecraft.iron_sword":2,"stat.walkOneCm":463393,"stat.useItem.minecraft.torch":157,"stat.pickup.minecraft.stick":6,"stat.useItem.minecraft.log":4,"stat.pickup.minecraft.crafting_table":2,"stat.useItem.minecraft.cobblestone":956,"stat.craftItem.minecraft.crafting_table":1,"stat.pickup.minecraft.log":109,"stat.drop.minecraft.chicken":2,"stat.pickup.minecraft.stone":132,"stat.craftItem.minecraft.iron_chestplate":1,"stat.pickup.minecraft.chicken":20,"stat.pickup.minecraft.sapling":11,"stat.drop.minecraft.egg":1,"stat.pickup.minecraft.wooden_door":2,"stat.useItem.supertools.hammerstone":129,"stat.pickup.minecraft.cooked_beef":15,"stat.killEntity.Skeleton":5,"stat.craftItem.minecraft.planks":248,"stat.useItem.minecraft.iron_sword":266,"stat.killEntity.Chicken":19,"stat.killEntity.Spider":10,"stat.pickup.minecraft.stone_sword":2,"stat.mobKills":125,"stat.mineBlock.minecraft.log":66,"stat.craftItem.minecraft.wooden_door":3,"stat.craftItem.minecraft.fence":96,"stat.craftItem.minecraft.cooked_chicken":15,"stat.useItem.minecraft.wooden_door":2,"stat.mineBlock.minecraft.leaves":55,"stat.pickup.minecraft.torch":54,"stat.pickup.minecraft.red_flower":15,"stat.sneakTime":20566,"stat.useItem.minecraft.wooden_axe":8,"stat.mineBlock.minecraft.stone":1768}