{"stat.walkOneCm":42917,"stat.pickup.minecraft.wooden_axe":1,"stat.leaveGame":1,"stat.useItem.minecraft.chicken":1,"stat.craftItem.minecraft.crafting_table":1,"stat.pickup.minecraft.log":15,"stat.jump":288,"stat.swimOneCm":3411,"stat.drop.minecraft.chicken":2,"stat.fallOneCm":6379,"stat.useItem.minecraft.planks":27,"stat.pickup.minecraft.beef":4,"stat.pickup.minecraft.chicken":3,"stat.crouchOneCm":1470,"stat.pickup.minecraft.sapling":1,"stat.pickup.minecraft.dirt":36,"stat.useItem.minecraft.dirt":11,"stat.sprintOneCm":48624,"stat.pickup.minecraft.red_mushroom":1,"stat.useItem.minecraft.stone_slab2":4,"stat.mineBlock.minecraft.red_mushroom":1,"stat.craftItem.minecraft.stick":8,"stat.craftingTableInteraction":3,"stat.craftItem.minecraft.planks":56,"stat.killEntity.Chicken":2,"stat.useItem.minecraft.egg":2,"stat.damageTaken":408,"stat.pickup.minecraft.feather":2,"stat.pickup.minecraft.leather":1,"stat.mineBlock.minecraft.red_flower":3,"stat.craftItem.minecraft.stone_pickaxe":1,"stat.useItem.minecraft.wooden_pickaxe":8,"stat.mobKills":6,"stat.pickup.minecraft.cobblestone":7,"stat.mineBlock.minecraft.log":14,"stat.useItem.minecraft.beef":4,"stat.pickup.minecraft.planks":1,"stat.flyOneCm":40914,"stat.deaths":1,"stat.mineBlock.minecraft.planks":1,"stat.drop":2,"stat.pickup.minecraft.wheat_seeds":4,"stat.mineBlock.minecraft.leaves":8,"stat.pickup.minecraft.egg":2,"stat.playOneMinute":23063,"stat.entityKilledBy.Zombie":1,"stat.pickup.minecraft.red_flower":2,"stat.sneakTime":713,"stat.damageDealt":474,"stat.timeSinceDeath":7657,"stat.useItem.minecraft.wooden_axe":7,"stat.killEntity.Cow":2,"stat.mineBlock.minecraft.dirt":20,"stat.craftItem.minecraft.wooden_pickaxe":1,"stat.mineBlock.minecraft.stone":7,"stat.mineBlock.minecraft.tallgrass":19,"stat.diveOneCm":1930}