{"stats":{"minecraft:custom":{"minecraft:time_since_rest":40047,"minecraft:sprint_one_cm":35215,"minecraft:damage_taken":140,"minecraft:walk_one_cm":36421,"minecraft:mob_kills":8,"minecraft:drop":11,"minecraft:damage_dealt":183,"minecraft:fly_one_cm":195359,"minecraft:open_chest":1,"minecraft:crouch_one_cm":1297,"minecraft:play_time":40047,"minecraft:sneak_time":946,"minecraft:walk_under_water_one_cm":3854,"minecraft:jump":427,"minecraft:leave_game":1,"minecraft:time_since_death":40047,"minecraft:walk_on_water_one_cm":980,"minecraft:total_world_time":40047,"minecraft:climb_one_cm":921,"minecraft:fall_one_cm":11129},"minecraft:picked_up":{"minecraft:feather":1,"minecraft:chicken":1,"minecraft:torch":2,"minecraft:porkchop":1,"minecraft:arrow":2,"minecraft:birch_sapling":1,"minecraft:mutton":3,"minecraft:white_wool":2,"minecraft:egg":1},"minecraft:dropped":{"minecraft:dirt":1,"minecraft:birch_leaves":1,"minecraft:mutton":1,"minecraft:birch_sapling":1,"minecraft:oak_leaves":3,"minecraft:white_wool":1,"minecraft:grass_block":3},"minecraft:killed":{"minecraft:sheep":2,"minecraft:skeleton":1,"minecraft:zombie":2,"minecraft:pig":1,"minecraft:chicken":2},"minecraft:mined":{"minecraft:birch_leaves":8,"minecraft:oak_leaves":6},"minecraft:used":{"bunker_down:steel_block":19,"minecraft:grass_block":5,"minecraft:birch_sapling":1,"minecraft:oak_leaves":23,"minecraft:white_wool":42,"minecraft:dirt":2}},"DataVersion":3120}