{"stats":{"minecraft:killed":{"minecraft:spider":1,"minecraft:skeleton":3,"minecraft:chicken":2,"minecraft:drowned":1,"minecraft:pig":3,"minecraft:creeper":1,"minecraft:sheep":9,"minecraft:zombie":4,"minecraft:cow":6},"minecraft:broken":{"minecraft:stone_axe":1},"minecraft:used":{"minecraft:netherite_sword":8,"minecraft:stone_sword":99,"minecraft:shield":5,"minecraft:iron_chestplate":1,"minecraft:oak_door":4,"minecraft:torch":26,"minecraft:dirt":34,"minecraft:mutton":2,"minecraft:lava_bucket":3,"minecraft:grass_block":16,"minecraft:oak_stairs":2,"minecraft:birch_sapling":1,"minecraft:iron_helmet":1,"minecraft:furnace":5,"minecraft:oak_sapling":4,"minecraft:egg":1,"minecraft:iron_leggings":1,"minecraft:pointed_dripstone":2,"minecraft:cooked_mutton":6,"minecraft:diamond_boots":2,"minecraft:birch_planks":11,"minecraft:stone_pickaxe":114,"minecraft:oak_planks":50,"minecraft:wooden_pickaxe":15,"minecraft:fletching_table":6,"minecraft:oak_leaves":23,"minecraft:white_wool":46,"minecraft:crafting_table":12,"minecraft:oak_slab":2,"minecraft:white_bed":4,"minecraft:oak_log":12,"minecraft:bread":28,"minecraft:iron_pickaxe":81,"minecraft:lectern":5,"minecraft:stone_axe":122,"minecraft:diamond_sword":6,"minecraft:cobblestone":76,"minecraft:andesite":1,"minecraft:birch_log":6,"minecraft:diamond_leggings":3},"minecraft:picked_up":{"minecraft:wooden_axe":2,"minecraft:crafting_table":11,"minecraft:chicken":1,"minecraft:diamond_sword":2,"minecraft:wooden_pickaxe":2,"minecraft:oak_stairs":5,"minecraft:cornflower":3,"minecraft:string":2,"minecraft:diamond_leggings":2,"minecraft:beef":14,"minecraft:rose_bush":1,"minecraft:calcite":1,"minecraft:poppy":1,"minecraft:lectern":6,"minecraft:birch_sapling":1,"minecraft:egg":4,"minecraft:furnace":4,"minecraft:stick":12,"minecraft:raw_iron":49,"minecraft:oak_door":4,"minecraft:composter":2,"minecraft:torch":26,"minecraft:porkchop":5,"minecraft:pointed_dripstone":3,"minecraft:stone_sword":3,"minecraft:arrow":6,"minecraft:rotten_flesh":5,"minecraft:diamond_boots":2,"minecraft:hay_block":42,"minecraft:mutton":14,"minecraft:white_wool":39,"minecraft:cobblestone":145,"minecraft:birch_log":11,"minecraft:feather":5,"minecraft:andesite":3,"minecraft:leather":14,"minecraft:birch_planks":8,"minecraft:oak_log":97,"minecraft:yellow_bed":3,"minecraft:dirt":47,"minecraft:cooked_mutton":4,"minecraft:bone":4,"minecraft:stonecutter":2,"minecraft:wheat_seeds":4,"minecraft:stone_pickaxe":2,"minecraft:fletching_table":4,"minecraft:oak_planks":98,"minecraft:oak_slab":1,"minecraft:ink_sac":1,"minecraft:white_bed":11,"minecraft:grass_block":2,"minecraft:mossy_cobblestone":3,"minecraft:stone_axe":2,"minecraft:emerald":3,"minecraft:bread":98,"minecraft:oak_sapling":5,"minecraft:coal":3,"minecraft:sunflower":16},"minecraft:crafted":{"minecraft:oak_planks":212,"minecraft:furnace":3,"minecraft:cooked_mutton":9,"minecraft:iron_boots":1,"minecraft:iron_axe":1,"minecraft:stone_pickaxe":2,"minecraft:wheat":378,"minecraft:cooked_beef":7,"minecraft:oak_slab":6,"minecraft:emerald":4,"minecraft:crafting_table":3,"minecraft:wooden_pickaxe":1,"minecraft:iron_helmet":1,"minecraft:iron_sword":1,"minecraft:birch_planks":20,"minecraft:stone_axe":1,"minecraft:bread":126,"minecraft:air":0,"minecraft:iron_chestplate":1,"minecraft:shield":1,"minecraft:stick":128,"minecraft:iron_ingot":37,"minecraft:iron_pickaxe":2,"minecraft:stone_sword":1,"minecraft:iron_leggings":1,"minecraft:torch":12},"minecraft:mined":{"minecraft:white_bed":6,"minecraft:oak_sapling":1,"minecraft:oak_door":3,"minecraft:grass_block":8,"minecraft:composter":1,"minecraft:hay_block":39,"minecraft:furnace":2,"minecraft:iron_ore":49,"minecraft:andesite":3,"minecraft:fletching_table":4,"minecraft:pointed_dripstone":2,"minecraft:oak_stairs":3,"minecraft:stone":128,"minecraft:oak_slab":1,"minecraft:glass_pane":3,"minecraft:powder_snow":16,"minecraft:crafting_table":6,"minecraft:torch":2,"minecraft:lectern":4,"minecraft:tall_grass":3,"minecraft:cobblestone":1,"minecraft:oak_planks":9,"minecraft:wall_torch":13,"minecraft:birch_planks":4,"minecraft:birch_log":11,"minecraft:birch_leaves":8,"minecraft:yellow_bed":2,"minecraft:grass":22,"minecraft:oak_log":46,"minecraft:coal_ore":4,"minecraft:sunflower":8,"minecraft:dirt":31,"minecraft:stonecutter":1,"minecraft:oak_leaves":18},"minecraft:killed_by":{"minecraft:player":2},"minecraft:custom":{"minecraft:mob_kills":32,"minecraft:interact_with_crafting_table":27,"minecraft:bell_ring":13,"minecraft:leave_game":1,"minecraft:time_since_death":22505,"minecraft:climb_one_cm":2750,"minecraft:sprint_one_cm":212455,"minecraft:walk_one_cm":201940,"minecraft:damage_blocked_by_shield":130,"minecraft:drop":107,"minecraft:talked_to_villager":19,"minecraft:play_time":132760,"minecraft:deaths":4,"minecraft:sneak_time":12330,"minecraft:walk_under_water_one_cm":34962,"minecraft:jump":2098,"minecraft:walk_on_water_one_cm":4529,"minecraft:total_world_time":132760,"minecraft:interact_with_furnace":33,"minecraft:traded_with_villager":4,"minecraft:sleep_in_bed":5,"minecraft:time_since_rest":22530,"minecraft:damage_taken":2421,"minecraft:trigger_trapped_chest":3,"minecraft:damage_dealt":6303,"minecraft:swim_one_cm":3651,"minecraft:fly_one_cm":633194,"minecraft:player_kills":15,"minecraft:open_chest":4,"minecraft:crouch_one_cm":34512,"minecraft:fall_one_cm":76239},"minecraft:dropped":{"minecraft:bread":64,"minecraft:birch_planks":4,"minecraft:porkchop":1,"minecraft:wheat_seeds":1,"minecraft:birch_leaves":1,"minecraft:mossy_cobblestone":3,"minecraft:crafting_table":1,"minecraft:diamond_leggings":5,"minecraft:feather":4,"minecraft:cobblestone":13,"minecraft:apple":4,"minecraft:grass_block":7,"minecraft:stick":515,"minecraft:dirt":6,"minecraft:ink_sac":1,"minecraft:cornflower":2,"minecraft:mutton":1,"minecraft:wooden_axe":2,"minecraft:rose_bush":1,"minecraft:oak_stairs":1,"minecraft:sunflower":14,"minecraft:stonecutter":1,"minecraft:white_wool":4,"minecraft:bone":4,"minecraft:stone_axe":1,"minecraft:stone_sword":2,"minecraft:birch_sapling":1,"minecraft:composter":1,"minecraft:rotten_flesh":4,"minecraft:oak_planks":16,"minecraft:white_bed":2,"minecraft:diamond_sword":2,"minecraft:poppy":1,"minecraft:andesite":2,"minecraft:oak_sapling":1,"minecraft:diamond_boots":3,"minecraft:arrow":6,"minecraft:wooden_pickaxe":2,"minecraft:stone_pickaxe":1,"minecraft:calcite":1,"minecraft:oak_leaves":3,"minecraft:lectern":2,"minecraft:egg":2}},"DataVersion":3120}