{"stats":{"minecraft:killed":{"minecraft:spider":1,"minecraft:skeleton":2,"minecraft:chicken":2,"minecraft:pig":3,"minecraft:sheep":3,"minecraft:zombie":3,"minecraft:cow":4},"minecraft:broken":{"minecraft:stone_axe":1},"minecraft:used":{"minecraft:netherite_sword":8,"minecraft:stone_sword":42,"minecraft:oak_door":4,"minecraft:torch":13,"minecraft:dirt":29,"minecraft:mutton":2,"minecraft:lava_bucket":3,"minecraft:grass_block":16,"minecraft:oak_stairs":2,"minecraft:birch_sapling":1,"minecraft:oak_sapling":4,"minecraft:egg":1,"minecraft:diamond_boots":2,"minecraft:birch_planks":11,"minecraft:stone_pickaxe":70,"minecraft:oak_planks":17,"minecraft:wooden_pickaxe":15,"minecraft:fletching_table":6,"minecraft:oak_leaves":23,"minecraft:white_wool":43,"minecraft:crafting_table":8,"minecraft:oak_slab":2,"minecraft:white_bed":4,"minecraft:oak_log":12,"minecraft:bread":22,"minecraft:lectern":5,"minecraft:stone_axe":122,"minecraft:diamond_sword":6,"minecraft:cobblestone":61,"minecraft:birch_log":6,"minecraft:diamond_leggings":3},"minecraft:picked_up":{"minecraft:wooden_axe":2,"minecraft:crafting_table":9,"minecraft:chicken":1,"minecraft:diamond_sword":2,"minecraft:wooden_pickaxe":2,"minecraft:oak_stairs":5,"minecraft:cornflower":2,"minecraft:string":2,"minecraft:diamond_leggings":2,"minecraft:beef":12,"minecraft:rose_bush":1,"minecraft:calcite":1,"minecraft:poppy":1,"minecraft:lectern":6,"minecraft:birch_sapling":1,"minecraft:egg":4,"minecraft:furnace":2,"minecraft:stick":12,"minecraft:raw_iron":1,"minecraft:oak_door":4,"minecraft:composter":2,"minecraft:torch":19,"minecraft:porkchop":5,"minecraft:stone_sword":3,"minecraft:arrow":4,"minecraft:rotten_flesh":3,"minecraft:diamond_boots":2,"minecraft:hay_block":42,"minecraft:mutton":5,"minecraft:white_wool":34,"minecraft:cobblestone":89,"minecraft:birch_log":11,"minecraft:feather":5,"minecraft:leather":10,"minecraft:birch_planks":8,"minecraft:oak_log":97,"minecraft:yellow_bed":3,"minecraft:dirt":42,"minecraft:cooked_mutton":4,"minecraft:bone":4,"minecraft:stonecutter":2,"minecraft:wheat_seeds":4,"minecraft:stone_pickaxe":2,"minecraft:fletching_table":4,"minecraft:oak_planks":26,"minecraft:oak_slab":1,"minecraft:ink_sac":1,"minecraft:white_bed":11,"minecraft:grass_block":2,"minecraft:mossy_cobblestone":3,"minecraft:stone_axe":2,"minecraft:emerald":3,"minecraft:bread":98,"minecraft:oak_sapling":5,"minecraft:coal":3,"minecraft:sunflower":12},"minecraft:crafted":{"minecraft:oak_planks":92,"minecraft:furnace":1,"minecraft:stone_pickaxe":2,"minecraft:wheat":378,"minecraft:oak_slab":6,"minecraft:emerald":4,"minecraft:crafting_table":3,"minecraft:wooden_pickaxe":1,"minecraft:birch_planks":20,"minecraft:stone_axe":1,"minecraft:bread":126,"minecraft:stick":128,"minecraft:stone_sword":1,"minecraft:torch":12},"minecraft:mined":{"minecraft:white_bed":6,"minecraft:oak_sapling":1,"minecraft:oak_door":3,"minecraft:grass_block":8,"minecraft:composter":1,"minecraft:hay_block":39,"minecraft:iron_ore":1,"minecraft:fletching_table":4,"minecraft:oak_stairs":3,"minecraft:stone":67,"minecraft:oak_slab":1,"minecraft:glass_pane":3,"minecraft:powder_snow":16,"minecraft:crafting_table":4,"minecraft:torch":1,"minecraft:lectern":4,"minecraft:tall_grass":3,"minecraft:cobblestone":1,"minecraft:oak_planks":9,"minecraft:wall_torch":7,"minecraft:birch_planks":4,"minecraft:birch_log":11,"minecraft:birch_leaves":8,"minecraft:yellow_bed":2,"minecraft:grass":20,"minecraft:oak_log":46,"minecraft:coal_ore":4,"minecraft:sunflower":8,"minecraft:dirt":26,"minecraft:stonecutter":1,"minecraft:oak_leaves":18},"minecraft:killed_by":{"minecraft:player":2},"minecraft:custom":{"minecraft:mob_kills":18,"minecraft:interact_with_crafting_table":13,"minecraft:bell_ring":13,"minecraft:leave_game":1,"minecraft:time_since_death":4505,"minecraft:climb_one_cm":2750,"minecraft:sprint_one_cm":188197,"minecraft:walk_one_cm":168816,"minecraft:drop":84,"minecraft:talked_to_villager":19,"minecraft:play_time":114760,"minecraft:deaths":4,"minecraft:sneak_time":9278,"minecraft:walk_under_water_one_cm":32999,"minecraft:jump":1850,"minecraft:walk_on_water_one_cm":3702,"minecraft:total_world_time":114760,"minecraft:traded_with_villager":4,"minecraft:sleep_in_bed":5,"minecraft:time_since_rest":4530,"minecraft:damage_taken":1757,"minecraft:trigger_trapped_chest":3,"minecraft:damage_dealt":4396,"minecraft:fly_one_cm":595494,"minecraft:player_kills":15,"minecraft:open_chest":4,"minecraft:crouch_one_cm":24825,"minecraft:fall_one_cm":60347},"minecraft:dropped":{"minecraft:bread":64,"minecraft:birch_planks":4,"minecraft:porkchop":1,"minecraft:birch_leaves":1,"minecraft:crafting_table":1,"minecraft:diamond_leggings":5,"minecraft:feather":4,"minecraft:cobblestone":13,"minecraft:apple":4,"minecraft:grass_block":7,"minecraft:stick":3,"minecraft:dirt":1,"minecraft:ink_sac":1,"minecraft:mutton":1,"minecraft:wooden_axe":2,"minecraft:rose_bush":1,"minecraft:sunflower":10,"minecraft:white_wool":4,"minecraft:bone":4,"minecraft:stone_axe":1,"minecraft:stone_sword":2,"minecraft:birch_sapling":1,"minecraft:oak_planks":16,"minecraft:white_bed":2,"minecraft:diamond_sword":2,"minecraft:poppy":1,"minecraft:diamond_boots":3,"minecraft:arrow":4,"minecraft:wooden_pickaxe":2,"minecraft:stone_pickaxe":1,"minecraft:calcite":1,"minecraft:oak_leaves":3,"minecraft:lectern":1,"minecraft:egg":2}},"DataVersion":3120}