{"stats":{"minecraft:killed":{"minecraft:spider":7,"minecraft:skeleton":12,"minecraft:chicken":2,"minecraft:drowned":1,"minecraft:warden":4,"minecraft:pig":5,"minecraft:creeper":2,"minecraft:sheep":16,"minecraft:zombie":118,"minecraft:villager":28,"minecraft:cow":9},"minecraft:broken":{"minecraft:stone_axe":1},"minecraft:used":{"minecraft:oak_trapdoor":6,"minecraft:netherite_sword":93,"minecraft:stone_sword":99,"minecraft:flint_and_steel":5,"minecraft:oak_sign":3,"minecraft:chest":18,"minecraft:tinted_glass":39,"minecraft:shield":16,"minecraft:ender_chest":12,"minecraft:stone":587,"minecraft:iron_sword":2,"minecraft:zombie_spawn_egg":7,"minecraft:iron_chestplate":1,"minecraft:oak_door":4,"minecraft:torch":113,"minecraft:soul_sand":2,"minecraft:dirt":63,"minecraft:anvil":4,"minecraft:mutton":2,"minecraft:cobblestone_wall":3,"minecraft:diamond_helmet":1,"minecraft:tuff":8,"minecraft:obsidian":14,"minecraft:polished_diorite":8,"minecraft:glass":26,"minecraft:lava_bucket":3,"minecraft:villager_spawn_egg":33,"minecraft:iron_axe":4,"minecraft:grass_block":16,"minecraft:oak_stairs":2,"minecraft:birch_sapling":1,"minecraft:iron_helmet":1,"minecraft:diamond_chestplate":2,"minecraft:bow":127,"minecraft:beef":2,"minecraft:furnace":5,"minecraft:oak_sapling":4,"minecraft:egg":1,"minecraft:enchanted_golden_apple":3,"minecraft:iron_leggings":1,"minecraft:pointed_dripstone":3,"minecraft:cooked_mutton":7,"minecraft:water_bucket":8,"minecraft:cobblestone_stairs":13,"minecraft:diamond_boots":3,"minecraft:birch_planks":11,"minecraft:stone_pickaxe":114,"minecraft:oak_planks":50,"minecraft:wooden_pickaxe":15,"minecraft:diamond_axe":21,"minecraft:fletching_table":25,"minecraft:oak_leaves":23,"minecraft:white_wool":77,"minecraft:crafting_table":14,"minecraft:oak_slab":4,"minecraft:blast_furnace":4,"minecraft:white_bed":4,"minecraft:oak_log":12,"minecraft:diamond_pickaxe":235,"minecraft:bread":56,"minecraft:iron_pickaxe":84,"minecraft:lectern":69,"minecraft:deepslate":95,"minecraft:stone_axe":122,"minecraft:diamond_sword":188,"minecraft:cobblestone":84,"minecraft:chainmail_boots":1,"minecraft:cooked_porkchop":1,"minecraft:grindstone":3,"minecraft:smithing_table":5,"minecraft:andesite":1,"minecraft:birch_log":6,"minecraft:oak_boat":4,"minecraft:kelp":50,"minecraft:diamond_leggings":4},"minecraft:picked_up":{"minecraft:wooden_axe":2,"minecraft:crafting_table":15,"minecraft:ender_chest":7,"minecraft:wheat":2,"minecraft:chicken":1,"minecraft:diamond_sword":2,"minecraft:wooden_pickaxe":2,"minecraft:oak_stairs":5,"minecraft:cornflower":3,"minecraft:string":9,"minecraft:iron_axe":3,"minecraft:sculk_shrieker":2,"minecraft:diamond_leggings":2,"minecraft:deepslate_diamond_ore":6,"minecraft:echo_shard":1,"minecraft:beef":22,"minecraft:rose_bush":1,"minecraft:calcite":1,"minecraft:poppy":1,"minecraft:lectern":7,"minecraft:birch_sapling":1,"minecraft:egg":4,"minecraft:furnace":7,"minecraft:stick":12,"minecraft:raw_iron":49,"minecraft:stone":41,"minecraft:oak_door":4,"minecraft:composter":2,"minecraft:torch":48,"minecraft:porkchop":8,"minecraft:pointed_dripstone":4,"minecraft:carrot":1,"minecraft:redstone":2,"minecraft:stone_sword":3,"minecraft:arrow":10,"minecraft:rotten_flesh":229,"minecraft:diamond_boots":2,"minecraft:hay_block":42,"minecraft:mutton":23,"minecraft:white_wool":45,"minecraft:cobblestone":152,"minecraft:birch_log":11,"minecraft:feather":5,"minecraft:andesite":3,"minecraft:leather":18,"minecraft:potato":2,"minecraft:birch_planks":8,"minecraft:tuff":13,"minecraft:oak_log":101,"minecraft:yellow_bed":3,"minecraft:dirt":51,"minecraft:cooked_mutton":4,"minecraft:bone":11,"minecraft:kelp":49,"minecraft:stonecutter":2,"minecraft:wheat_seeds":10,"minecraft:stone_pickaxe":2,"minecraft:fletching_table":4,"minecraft:oak_planks":169,"minecraft:sculk_catalyst":4,"minecraft:oak_slab":1,"minecraft:cooked_porkchop":1,"minecraft:gravel":21,"minecraft:amethyst_shard":1,"minecraft:ink_sac":1,"minecraft:white_bed":11,"minecraft:grass_block":2,"minecraft:spider_eye":2,"minecraft:mossy_cobblestone":4,"minecraft:pumpkin_seeds":3,"minecraft:deepslate":148,"minecraft:diamond":1,"minecraft:stone_axe":2,"minecraft:emerald":109,"minecraft:bread":98,"minecraft:oak_sapling":5,"minecraft:coal":3,"minecraft:sunflower":19},"minecraft:crafted":{"minecraft:chainmail_helmet":12,"minecraft:smooth_stone":2,"minecraft:oak_planks":228,"minecraft:diamond_hoe":3,"minecraft:furnace":3,"minecraft:stone":5,"minecraft:diamond_shovel":6,"minecraft:cooked_mutton":9,"minecraft:diamond_helmet":6,"minecraft:diamond_leggings":9,"minecraft:bow":1,"minecraft:iron_boots":1,"minecraft:iron_axe":55,"minecraft:stone_pickaxe":14,"minecraft:chest":1,"minecraft:diamond_boots":10,"minecraft:stone_hoe":12,"minecraft:chainmail_leggings":33,"minecraft:wheat":378,"minecraft:cooked_beef":7,"minecraft:oak_slab":6,"minecraft:diamond_sword":6,"minecraft:arrow":80,"minecraft:emerald":423,"minecraft:diamond_axe":12,"minecraft:crafting_table":4,"minecraft:wooden_pickaxe":1,"minecraft:iron_helmet":1,"minecraft:iron_sword":16,"minecraft:bell":89,"minecraft:chainmail_chestplate":12,"minecraft:birch_planks":20,"minecraft:stone_axe":25,"minecraft:enchanted_book":24,"minecraft:bread":126,"minecraft:air":0,"minecraft:iron_chestplate":64,"minecraft:diamond_pickaxe":5,"minecraft:shield":21,"minecraft:stick":128,"minecraft:chainmail_boots":12,"minecraft:iron_ingot":48,"minecraft:iron_pickaxe":2,"minecraft:stone_sword":1,"minecraft:iron_shovel":3,"minecraft:iron_leggings":9,"minecraft:torch":12,"minecraft:diamond_chestplate":6},"minecraft:mined":{"minecraft:tuff":8,"minecraft:white_bed":6,"minecraft:oak_sapling":1,"minecraft:mossy_cobblestone":1,"minecraft:deepslate_diamond_ore":6,"minecraft:oak_door":3,"minecraft:sculk_vein":2,"minecraft:grass_block":10,"minecraft:composter":1,"minecraft:hay_block":39,"minecraft:furnace":5,"minecraft:iron_ore":49,"minecraft:andesite":3,"minecraft:fletching_table":4,"minecraft:sculk_shrieker":3,"minecraft:pointed_dripstone":3,"minecraft:oak_stairs":3,"minecraft:stone":166,"minecraft:ender_chest":7,"minecraft:oak_slab":1,"minecraft:glass_pane":3,"minecraft:powder_snow":16,"minecraft:crafting_table":10,"minecraft:torch":3,"minecraft:lectern":4,"minecraft:tall_grass":8,"minecraft:cobblestone":15,"minecraft:oak_planks":9,"minecraft:sculk":1,"minecraft:wall_torch":19,"minecraft:birch_planks":4,"minecraft:birch_log":11,"minecraft:birch_leaves":8,"minecraft:yellow_bed":2,"minecraft:grass":28,"minecraft:oak_log":50,"minecraft:coal_ore":4,"minecraft:gravel":2,"minecraft:sunflower":12,"minecraft:dirt":33,"minecraft:stonecutter":1,"minecraft:deepslate":150,"minecraft:oak_leaves":18},"minecraft:killed_by":{"minecraft:player":3},"minecraft:custom":{"minecraft:interact_with_smithing_table":1,"minecraft:interact_with_anvil":28,"minecraft:mob_kills":206,"minecraft:interact_with_crafting_table":31,"minecraft:bell_ring":13,"minecraft:leave_game":2,"minecraft:time_since_death":173257,"minecraft:damage_resisted":436,"minecraft:climb_one_cm":4330,"minecraft:sprint_one_cm":432877,"minecraft:walk_one_cm":497796,"minecraft:damage_blocked_by_shield":281,"minecraft:drop":154,"minecraft:talked_to_villager":276,"minecraft:play_time":314612,"minecraft:deaths":5,"minecraft:sneak_time":25303,"minecraft:walk_under_water_one_cm":132832,"minecraft:boat_one_cm":14958,"minecraft:jump":3727,"minecraft:interact_with_blast_furnace":3,"minecraft:walk_on_water_one_cm":27913,"minecraft:total_world_time":314612,"minecraft:interact_with_furnace":45,"minecraft:traded_with_villager":882,"minecraft:sleep_in_bed":5,"minecraft:time_since_rest":173285,"minecraft:open_enderchest":17,"minecraft:damage_taken":4522,"minecraft:damage_absorbed":478,"minecraft:trigger_trapped_chest":3,"minecraft:damage_dealt":24208,"minecraft:swim_one_cm":23239,"minecraft:fly_one_cm":1100965,"minecraft:player_kills":17,"minecraft:open_chest":164,"minecraft:crouch_one_cm":78151,"minecraft:fall_one_cm":125964},"minecraft:dropped":{"minecraft:bread":87,"minecraft:birch_planks":4,"minecraft:porkchop":1,"minecraft:wheat_seeds":1,"minecraft:birch_leaves":1,"minecraft:mossy_cobblestone":4,"minecraft:diamond":1,"minecraft:crafting_table":1,"minecraft:diamond_leggings":5,"minecraft:feather":4,"minecraft:cobblestone":20,"minecraft:apple":4,"minecraft:grass_block":7,"minecraft:emerald":67,"minecraft:stick":515,"minecraft:dirt":6,"minecraft:ink_sac":1,"minecraft:cornflower":2,"minecraft:mutton":1,"minecraft:wooden_axe":2,"minecraft:rose_bush":1,"minecraft:amethyst_shard":1,"minecraft:iron_axe":7,"minecraft:oak_stairs":1,"minecraft:sunflower":14,"minecraft:stonecutter":1,"minecraft:white_wool":4,"minecraft:bone":4,"minecraft:stone_axe":1,"minecraft:stone_sword":3,"minecraft:tuff":5,"minecraft:birch_sapling":1,"minecraft:composter":1,"minecraft:rotten_flesh":7,"minecraft:oak_planks":16,"minecraft:white_bed":2,"minecraft:echo_shard":2,"minecraft:diamond_sword":2,"minecraft:poppy":1,"minecraft:stone":1,"minecraft:andesite":2,"minecraft:oak_sapling":1,"minecraft:diamond_boots":3,"minecraft:arrow":6,"minecraft:wooden_pickaxe":2,"minecraft:stone_pickaxe":2,"minecraft:calcite":1,"minecraft:oak_leaves":3,"minecraft:lectern":3,"minecraft:egg":2}},"DataVersion":3120}