{"stat.walkOneCm":30193,"stat.drop.malisisdoors.big_door_spruce_3x3":3,"stat.killEntity.Horse":1,"stat.entityKilledBy.Spider":1,"stat.entityKilledBy.mutantbeasts.mutant_enderman":1,"stat.leaveGame":2,"stat.damageTaken":725,"stat.drop.modularwarfare.tcp.7_62":64,"stat.pickup.minecraft.leather":1,"stat.drop.modularwarfare.tcp.m24a2ammo":1,"stat.mobKills":2,"stat.flyOneCm":88520,"stat.deaths":3,"stat.drop":8,"stat.drop.modularwarfare.tcp.scope_acog":1,"stat.jump":202,"stat.swimOneCm":220,"stat.playOneMinute":21649,"stat.fallOneCm":5015,"stat.sneakTime":267,"stat.damageDealt":68,"stat.pickup.malisisdoors.big_door_spruce_3x3":2,"stat.crouchOneCm":226,"stat.timeSinceDeath":15532,"stat.drop.modularwarfare.tcp.m24a2":1,"stat.sprintOneCm":22191,"stat.useItem.minecraft.stone_slab2":3,"stat.drop.minecraft.grass":1,"stat.mineBlock.minecraft.tallgrass":3,"stat.diveOneCm":223}