{"stat.chestOpened":4,"stat.walkOneCm":193427,"stat.drop.malisisdoors.door_factory":1,"stat.pickup.minecraft.bone":3,"stat.leaveGame":2,"stat.pickup.minecraft.arrow":3,"stat.drop.modularwarfare.tcp.m24a2ammo":1,"stat.killEntity.ZombieVillager":2,"stat.killEntity.mutantbeasts.mutant_skeleton":1,"stat.killEntity.Creeper":1,"stat.pickup.minecraft.string":4,"stat.pickup.arm.heavy_vestbody":1,"stat.drop.modularwarfare.tcp.scope_acog":1,"stat.jump":527,"stat.swimOneCm":5093,"stat.fallOneCm":6847,"stat.pickup.arm.heavy_armored_bootsboots":1,"stat.crouchOneCm":4532,"stat.drop.modularwarfare.tcp.m24a2":1,"stat.killEntity.mutantbeasts.mutant_zombie":1,"stat.pickup.arm.combat_bootsboots":1,"stat.sprintOneCm":80952,"stat.useItem.minecraft.stone_slab2":54,"stat.pickup.minecraft.rotten_flesh":33,"stat.pickup.mutantbeasts.hulk_hammer":1,"stat.killEntity.Skeleton":5,"stat.drop.malisisdoors.big_door_spruce_3x3":3,"stat.killEntity.Horse":11,"stat.entityKilledBy.Spider":1,"stat.entityKilledBy.mutantbeasts.mutant_enderman":1,"stat.pickup.arm.heavy_helmethelmet":1,"stat.useItem.mutantbeasts.hulk_hammer":4,"stat.pickup.minecraft.grass":1,"stat.damageTaken":767,"stat.drop.modularwarfare.tcp.7_62":64,"stat.pickup.minecraft.leather":9,"stat.killEntity.Spider":6,"stat.drop.cgm.handgun":1,"stat.killEntity.Husk":2,"stat.mobKills":86,"stat.flyOneCm":303762,"stat.deaths":3,"stat.drop":15,"stat.playOneMinute":81949,"stat.killEntity.Witch":2,"stat.drop.cgm.workbench":1,"stat.sneakTime":1476,"stat.damageDealt":498,"stat.pickup.malisisdoors.big_door_spruce_3x3":2,"stat.killEntity.Zombie":50,"stat.drop.minecraft.arrow":1,"stat.timeSinceDeath":75832,"stat.drop.cgm.chain_gun":1,"stat.pickup.arm.heavy_protection_for_legslegs":1,"stat.drop.minecraft.torch":1,"stat.drop.minecraft.grass":2,"stat.mineBlock.minecraft.tallgrass":3,"stat.diveOneCm":665}