{"stat.pickup.minecraft.rotten_flesh":29,"stat.chestOpened":4,"stat.killEntity.Skeleton":3,"stat.walkOneCm":163760,"stat.drop.malisisdoors.big_door_spruce_3x3":3,"stat.pickup.minecraft.bone":3,"stat.killEntity.Horse":11,"stat.entityKilledBy.Spider":1,"stat.entityKilledBy.mutantbeasts.mutant_enderman":1,"stat.leaveGame":2,"stat.pickup.minecraft.grass":1,"stat.pickup.minecraft.arrow":2,"stat.damageTaken":725,"stat.drop.modularwarfare.tcp.7_62":64,"stat.pickup.minecraft.leather":9,"stat.killEntity.Spider":3,"stat.drop.cgm.handgun":1,"stat.killEntity.Husk":2,"stat.drop.modularwarfare.tcp.m24a2ammo":1,"stat.mobKills":62,"stat.killEntity.Creeper":1,"stat.pickup.minecraft.string":3,"stat.flyOneCm":278576,"stat.deaths":3,"stat.drop":11,"stat.drop.modularwarfare.tcp.scope_acog":1,"stat.jump":417,"stat.swimOneCm":896,"stat.playOneMinute":70249,"stat.killEntity.Witch":2,"stat.fallOneCm":5015,"stat.drop.cgm.workbench":1,"stat.sneakTime":1309,"stat.damageDealt":68,"stat.pickup.malisisdoors.big_door_spruce_3x3":2,"stat.crouchOneCm":4052,"stat.killEntity.Zombie":39,"stat.timeSinceDeath":64132,"stat.drop.modularwarfare.tcp.m24a2":1,"stat.drop.cgm.chain_gun":1,"stat.sprintOneCm":68157,"stat.useItem.minecraft.stone_slab2":4,"stat.drop.minecraft.grass":1,"stat.mineBlock.minecraft.tallgrass":3,"stat.diveOneCm":539}