{"stats":{"minecraft:killed":{"minecraft:sheep":2,"minecraft:skeleton":1,"minecraft:zombie":2,"minecraft:pig":1,"minecraft:chicken":2},"minecraft:used":{"minecraft:grass_block":5,"minecraft:birch_sapling":1,"minecraft:oak_leaves":23,"minecraft:white_wool":42,"minecraft:dirt":2},"minecraft:picked_up":{"minecraft:feather":1,"minecraft:chicken":1,"minecraft:torch":2,"minecraft:porkchop":1,"minecraft:arrow":2,"minecraft:mutton":3,"minecraft:birch_sapling":1,"minecraft:white_wool":2,"minecraft:egg":1},"minecraft:mined":{"minecraft:birch_leaves":8,"minecraft:oak_leaves":6},"minecraft:custom":{"minecraft:time_since_rest":42760,"minecraft:sprint_one_cm":43802,"minecraft:damage_taken":140,"minecraft:walk_one_cm":39320,"minecraft:mob_kills":8,"minecraft:drop":13,"minecraft:damage_dealt":314,"minecraft:fly_one_cm":225692,"minecraft:open_chest":2,"minecraft:crouch_one_cm":1327,"minecraft:play_time":42760,"minecraft:sneak_time":1008,"minecraft:walk_under_water_one_cm":9141,"minecraft:jump":472,"minecraft:leave_game":1,"minecraft:walk_on_water_one_cm":1420,"minecraft:time_since_death":42760,"minecraft:climb_one_cm":1044,"minecraft:total_world_time":42760,"minecraft:fall_one_cm":11129},"minecraft:dropped":{"minecraft:dirt":1,"minecraft:birch_leaves":1,"minecraft:mutton":1,"minecraft:birch_sapling":1,"minecraft:arrow":2,"minecraft:oak_leaves":3,"minecraft:white_wool":1,"minecraft:grass_block":3}},"DataVersion":3120}